cell,card,completed_supervised,completed_sft,family,n,score,evaluation_scope,final_judge_score,path
c02r01,exp-01,0,0,other,200,0.06,declared_official,False,/home/ben/task/eval/exp-01_base_n200.json
c02r01,exp-02,1,1,sft,200,0.465,declared_official,False,/home/ben/task/eval/exp-02_n200.json
c02r01,exp-03,1,1,decode-config,200,0.635,declared_official,False,/home/ben/task/eval/exp-03_n200.json
c02r01,exp-04,2,2,sft,200,0.725,declared_official,False,/home/ben/task/eval/exp-04-e2.json
c02r01,exp-04,2,2,sft,200,0.675,declared_official,False,/home/ben/task/eval/exp-04-e1.json
c02r01,exp-05,3,2,rft,200,0.76,declared_official,False,/home/ben/task/eval/exp-05-e2.json
c02r01,exp-06,4,3,sft,200,0.715,declared_official,False,/home/ben/task/eval/exp-06-e1.json
c02r01,exp-07,4,3,other,600,0.7317,declared_official,False,/home/ben/task/eval/exp-07_exp06_n600.json
c02r01,exp-07,4,3,other,600,0.7083,declared_official,False,/home/ben/task/eval/exp-07_exp05_n600.json
c02r01,exp-08,4,3,merge,600,0.7233,declared_official,False,/home/ben/task/eval/exp-08_soup_n600.json
c02r01,exp-09,5,3,rft,600,0.7167,declared_official,False,/home/ben/task/eval/exp-09_n600.json
c02r01,exp-10,5,3,other,150,0.7267,declared_official,False,/home/ben/task/eval/exp-10_final_model_default.json
c02r01,FINAL,5,3,official_final,1319,0.7384382107657316,official_final,True,/home/robtang_google_com/gangda_workspace/agentic-world-model/data/ptb/results/claude_vertex_high_awm_claude-opus-5_1m__10h_gangda_wma_evolve_wma-gsm8k-gemma4b-high-r01-ctl-b-x8-v2_c02r01_formal_r2/gsm8k_google_gemma-3-4b-pt_90614/metrics.json
c02r02,exp-01,0,0,decode-config,150,0.0667,declared_official,False,/home/ben/task/eval/base_dev150.json
c02r02,exp-02,1,1,sft,150,0.5333,declared_official,False,/home/ben/task/eval/exp-02_dev150.json
c02r02,exp-03,1,1,decode-config,150,0.6733,declared_official,False,/home/ben/task/eval/exp-03_dev150.json
c02r02,exp-04,2,1,rft,150,0.7,declared_official,False,/home/ben/task/eval/exp-04_dev150.json
c02r02,exp-05,3,2,sft,150,0.7267,declared_official,False,/home/ben/task/eval/exp-05_dev150.json
c02r02,exp-06,3,2,decode-config,500,0.706,declared_official,False,/home/ben/task/eval/exp-04_dev500.json
c02r02,exp-06,3,2,decode-config,500,0.704,declared_official,False,/home/ben/task/eval/exp-05_dev500.json
c02r02,exp-07,3,2,merge,500,0.706,declared_official,False,/home/ben/task/eval/exp-07_dev500.json
c02r02,exp-08,3,2,other,150,0.7467,declared_official,False,/home/ben/task/eval/final_model_default.json
c02r02,FINAL,3,2,official_final,1319,0.6929492039423806,official_final,True,/home/robtang_google_com/gangda_workspace/agentic-world-model/data/ptb/results/claude_vertex_high_awm_claude-opus-5_1m__10h_gangda_wma_evolve_wma-gsm8k-gemma4b-high-r01-ctl-b-x8-v2_c02r02_formal_r2/gsm8k_google_gemma-3-4b-pt_90615/metrics.json
c02r03,exp-01,0,0,decode-config,150,0.0933,declared_official,False,/home/ben/task/eval/base_dev150.json
c02r03,exp-02,1,1,sft,150,0.7333,declared_official,False,/home/ben/task/eval/exp02_dev150.json
c02r03,exp-03,3,1,rft,150,0.7267,declared_official,False,/home/ben/task/eval/exp03_dev150.json
c02r03,exp-04,3,1,merge,150,0.7533,declared_official,False,/home/ben/task/eval/exp04_dev150.json
c02r03,exp-05,4,2,sft,150,0.7533,declared_official,False,/home/ben/task/eval/exp05_dev150.json
c02r03,exp-06,4,2,merge,150,0.7067,declared_official,False,/home/ben/task/eval/exp06_dev150.json
c02r03,exp-07,4,2,decode-config,500,0.732,declared_official,False,/home/ben/task/eval/exp04_dev500.json
c02r03,exp-07,4,2,decode-config,500,0.726,declared_official,False,/home/ben/task/eval/exp05_dev500.json
c02r03,exp-08,4,2,merge,500,0.718,declared_official,False,/home/ben/task/eval/exp08_dev500.json
c02r03,exp-09,4,2,decode-config,150,0.76,declared_official,False,/home/ben/task/eval/final_model_default150.json
c02r03,exp-10,4,2,decode-config,500,0.736,declared_official,False,/home/ben/task/eval/exp02_dev500.json
c02r03,exp-10,4,2,decode-config,500,0.738,declared_official,False,/home/ben/task/eval/exp03_dev500.json
c02r03,exp-11,4,2,decode-config,150,0.7067,declared_official,False,/home/ben/task/eval/final_model_exp03_default150.json
c02r03,exp-12,4,2,decode-config,150,0.76,declared_official,False,/home/ben/task/eval/final_model_confirm150.json
c02r03,FINAL,4,2,official_final,1319,0.7399545109931767,official_final,True,/home/robtang_google_com/gangda_workspace/agentic-world-model/data/ptb/results/claude_vertex_high_awm_claude-opus-5_1m__10h_gangda_wma_evolve_wma-gsm8k-gemma4b-high-r01-ctl-b-x8-v2_c02r03_formal_r2/gsm8k_google_gemma-3-4b-pt_90616/metrics.json
c02r04,exp-01,0,0,other,150,0.06,declared_official,False,/home/ben/task/eval/base_dev150.json
c02r04,exp-02,1,1,sft,150,0.7,declared_official,False,/home/ben/task/eval/exp-02_dev150.json
c02r04,exp-03,1,1,decode-config,150,0.72,declared_official,False,/home/ben/task/eval/exp-03_dev150.json
c02r04,exp-04,2,2,sft,150,0.7333,declared_official,False,/home/ben/task/eval/exp-04_dev150.json
c02r04,exp-05,4,2,rft,150,0.76,declared_official,False,/home/ben/task/eval/exp-05_dev150.json
c02r04,exp-06,4,2,other,500,0.772,declared_official,False,/home/ben/task/eval/final_model_dev500.json
c02r04,exp-06,4,2,other,500,0.772,declared_official,False,/home/ben/task/eval/exp-04_dev500.json
c02r04,exp-07,4,2,merge,500,0.782,declared_official,False,/home/ben/task/eval/exp-07_dev500.json
c02r04,exp-07,4,2,merge,1319,0.7513,declared_official,False,/home/ben/task/eval/final_soup_full.json
c02r04,exp-07,4,2,merge,1319,0.7582,declared_official,False,/home/ben/task/eval/exp-05_full.json
c02r04,FINAL,4,2,official_final,1319,0.7536012130401819,official_final,True,/home/robtang_google_com/gangda_workspace/agentic-world-model/data/ptb/results/claude_vertex_high_awm_claude-opus-5_1m__10h_gangda_wma_evolve_wma-gsm8k-gemma4b-high-r01-ctl-b-x8-v2_c02r04_formal_r2/gsm8k_google_gemma-3-4b-pt_90617/metrics.json
c02r05,exp-01,0,0,decode-config,150,0.0667,declared_official,False,/home/ben/task/eval/exp-01_base_dev150.json
c02r05,exp-02,1,1,sft,150,0.5533,declared_official,False,/home/ben/task/eval/exp-02_dev150.json
c02r05,exp-03,1,1,decode-config,150,0.6933,declared_official,False,/home/ben/task/eval/exp-03_greedy_dev150.json
c02r05,exp-04,2,1,rft,150,0.6533,declared_official,False,/home/ben/task/eval/exp-04_greedy_dev150.json
c02r05,exp-05,2,1,merge,500,0.676,declared_official,False,/home/ben/task/eval/exp-05_soup_dev500.json
c02r05,exp-06,3,2,sft,500,0.686,declared_official,False,/home/ben/task/eval/exp-06_greedy_dev500.json
c02r05,exp-07,4,3,sft,500,0.696,declared_official,False,/home/ben/task/eval/exp-07_greedy_dev500.json
c02r05,exp-08,4,3,decode-config,1000,0.682,declared_official,False,/home/ben/task/eval/exp-07greedy_dev1000.json
c02r05,exp-08,4,3,decode-config,150,0.7133,declared_official,False,/home/ben/task/eval/final_model_dev150.json
c02r05,FINAL,4,3,official_final,1319,0.6739954510993177,official_final,True,/home/robtang_google_com/gangda_workspace/agentic-world-model/data/ptb/results/claude_vertex_high_awm_claude-opus-5_1m__10h_gangda_wma_evolve_wma-gsm8k-gemma4b-high-r01-ctl-b-x8-v2_c02r05_formal_r2/gsm8k_google_gemma-3-4b-pt_90618/metrics.json
c04r01,exp-01,0,0,other,150,0.07333333333333333,declared_official,False,/home/ben/task/eval/exp-01_base_dev150.json
c04r01,exp-02,1,1,sft,150,0.6933333333333334,declared_official,False,/home/ben/task/eval/exp-02_dev150.json
c04r01,exp-04,2,2,sft,150,0.7466666666666667,declared_official,False,/home/ben/task/eval/exp-04_dev150.json
c04r01,exp-05,3,3,sft,150,0.8066666666666666,declared_official,False,/home/ben/task/eval/exp-05_dev150.json
c04r01,exp-06,4,4,sft,150,0.8,declared_official,False,/home/ben/task/eval/exp-06_dev150.json
c04r01,FINAL,4,4,official_final,1319,0.8081880212282032,official_final,True,/home/robtang_google_com/gangda_workspace/agentic-world-model/data/ptb/results/claude_vertex_high_awm_claude-opus-5_1m__10h_gangda_wma_evolve_wma-gsm8k-gemma4b-high-r01-ctl-b-x8-v3_c04r01_formal_r4/gsm8k_google_gemma-3-4b-pt_90684/metrics.json
c04r02,exp-01,0,0,other,150,0.0533,declared_official,False,/home/ben/task/eval/exp-01_base_dev150.json
c04r02,exp-02,1,1,sft,150,0.46,declared_official,False,/home/ben/task/eval/exp-02_dev150.json
c04r02,exp-03,2,2,sft,150,0.5867,declared_official,False,/home/ben/task/eval/exp-03_dev150.json
c04r02,exp-04,2,2,decode-config,150,0.6867,declared_official,False,/home/ben/task/eval/exp-04_greedy_dev150.json
c04r02,exp-05,3,3,sft,150,0.78,declared_official,False,/home/ben/task/eval/exp-05_dev150.json
c04r02,exp-07,4,4,sft,150,0.7667,declared_official,False,/home/ben/task/eval/exp-07_dev150.json
c04r02,exp-08,5,4,rft,150,0.7933,declared_official,False,/home/ben/task/eval/exp-08_dev150.json
c04r02,exp-09,5,4,other,500,0.78,declared_official,False,/home/ben/task/eval/exp-09_exp08_dev500.json
c04r02,exp-09,5,4,other,500,0.76,declared_official,False,/home/ben/task/eval/exp-09_exp05_dev500.json
c04r02,FINAL,5,4,official_final,1319,0.7634571645185747,official_final,True,/home/robtang_google_com/gangda_workspace/agentic-world-model/data/ptb/results/claude_vertex_high_awm_claude-opus-5_1m__10h_gangda_wma_evolve_wma-gsm8k-gemma4b-high-r01-ctl-b-x8-v3_c04r02_formal_r4/gsm8k_google_gemma-3-4b-pt_90685/metrics.json
c04r03,exp-01,0,0,other,150,0.02666666666666667,declared_official,False,/home/ben/task/eval/exp-01_base_dev150.json
c04r03,exp-02,1,1,sft,150,0.6866666666666666,declared_official,False,/home/ben/task/eval/exp-02_dev150.json
c04r03,exp-03,2,1,rft,150,0.7066666666666667,declared_official,False,/home/ben/task/eval/exp-03_dev150.json
c04r03,exp-04,2,1,merge,150,0.6866666666666666,declared_official,False,/home/ben/task/eval/exp-04_dev150.json
c04r03,exp-05,3,2,sft,150,0.7466666666666667,declared_official,False,/home/ben/task/eval/exp-05_dev150.json
c04r03,exp-06,4,3,sft,150,0.74,declared_official,False,/home/ben/task/eval/exp-06_dev150.json
c04r03,exp-07,4,3,merge,150,0.7133333333333334,declared_official,False,/home/ben/task/eval/exp-07_dev150.json
c04r03,FINAL,4,3,official_final,1319,0.7232752084912812,official_final,True,/home/robtang_google_com/gangda_workspace/agentic-world-model/data/ptb/results/claude_vertex_high_awm_claude-opus-5_1m__10h_gangda_wma_evolve_wma-gsm8k-gemma4b-high-r01-ctl-b-x8-v3_c04r03_formal_r4/gsm8k_google_gemma-3-4b-pt_90686/metrics.json
c04r04,exp-01,0,0,other,150,0.0867,declared_official,False,/home/ben/task/eval/exp-01_base_dev150.json
c04r04,exp-02,1,1,sft,150,0.6667,declared_official,False,/home/ben/task/eval/exp-02_final_dev150.json
c04r04,exp-03,1,1,decode-config,150,0.78,declared_official,False,/home/ben/task/eval/exp-03_greedy_dev150.json
c04r04,exp-04,2,1,rft,150,0.7533,declared_official,False,/home/ben/task/eval/exp-04_greedy_dev150.json
c04r04,exp-05,2,1,other,500,0.772,declared_official,False,/home/ben/task/eval/exp-05_exp03_dev500.json
c04r04,exp-05,2,1,other,500,0.77,declared_official,False,/home/ben/task/eval/exp-05_exp04_dev500.json
c04r04,exp-06,2,1,merge,150,0.7867,declared_official,False,/home/ben/task/eval/exp-06_soup_dev150.json
c04r04,exp-06,2,1,merge,500,0.782,declared_official,False,/home/ben/task/eval/exp-06_soup_dev500.json
c04r04,exp-07,2,1,other,500,0.8,declared_official,False,/home/ben/task/analysis/exp-07_prefix_probe.json
c04r04,exp-08,2,1,other,1319,0.7582,declared_official,False,/home/ben/task/eval/exp-08_final_model_full.json
c04r04,exp-09,4,3,sft,819,0.7399,declared_official,False,/home/ben/task/analysis/exp-09_probe_holdout.json
c04r04,FINAL,4,3,official_final,1319,0.7589082638362395,official_final,True,/home/robtang_google_com/gangda_workspace/agentic-world-model/data/ptb/results/claude_vertex_high_awm_claude-opus-5_1m__10h_gangda_wma_evolve_wma-gsm8k-gemma4b-high-r01-ctl-b-x8-v3_c04r04_formal_r4/gsm8k_google_gemma-3-4b-pt_90687/metrics.json
c03r04,exp-01,0,0,other,150,0.03333,declared_official,False,/home/ben/task/eval/base_dev150.json
c03r04,exp-02,1,1,sft,150,0.69333,declared_official,False,/home/ben/task/eval/exp02_final_dev150.json
c03r04,exp-03,1,1,decode-config,150,0.7,declared_official,False,/home/ben/task/eval/exp03_greedy_dev150.json
c03r04,exp-04,2,1,rft,150,0.69333,declared_official,False,/home/ben/task/eval/exp04_final_greedy_dev150.json
c03r04,exp-04,2,1,rft,150,0.66,declared_official,False,/home/ben/task/eval/exp04_c652_greedy_dev150.json
c03r04,exp-05,2,1,merge,150,0.69333,declared_official,False,/home/ben/task/eval/exp05_soup_dev150.json
c03r04,exp-06,2,1,other,500,0.724,declared_official,False,/home/ben/task/eval/exp06_exp04_dev500.json
c03r04,exp-06,2,1,other,500,0.714,declared_official,False,/home/ben/task/eval/exp06_soup_dev500.json
c03r04,exp-06,2,1,other,500,0.71,declared_official,False,/home/ben/task/eval/exp06_exp02_dev500.json
c03r04,exp-07,2,1,other,1319,0.7066,declared_official,False,/home/ben/task/eval/exp07_exp04_dev1319.json
c03r04,exp-07,2,1,other,1319,0.7066,declared_official,False,/home/ben/task/eval/exp07_soup_dev1319.json
c03r04,exp-07,2,1,other,1319,0.69826,declared_official,False,/home/ben/task/eval/exp07_exp02_dev1319.json
c03r04,exp-08,3,2,sft,1319,0.71039,declared_official,False,/home/ben/task/eval/exp08_dev1319.json
c03r04,exp-08,3,2,sft,150,0.7,declared_official,False,/home/ben/task/eval/final_model_default_args.json
c03r04,FINAL,3,2,official_final,1319,0.7103866565579985,official_final,True,/home/robtang_google_com/gangda_workspace/agentic-world-model/data/ptb/results/claude_vertex_high_awm_claude-opus-5_1m__10h_gangda_wma_evolve_wma-gsm8k-gemma4b-high-r01-ctl-c-x8-v2_c03r04_formal-retry1_r3/gsm8k_google_gemma-3-4b-pt_90786/metrics.json
c03r05,exp-01,0,0,other,150,0.05333,declared_official,False,/home/ben/task/eval/base_dev150.json
c03r05,exp-02,1,1,sft,150,0.71333,declared_official,False,/home/ben/task/eval/exp-02_final_dev150.json
c03r05,exp-02,1,1,sft,150,0.68,declared_official,False,/home/ben/task/eval/exp-02_ep1_dev150.json
c03r05,exp-03,2,1,rft,150,0.71333,declared_official,False,/home/ben/task/eval/exp-03_final_dev150.json
c03r05,exp-05,3,2,sft,150,0.69333,declared_official,False,/home/ben/task/eval/exp-05_dev150.json
c03r05,exp-06,3,2,merge,150,0.71333,declared_official,False,/home/ben/task/eval/soup23_dev150.json
c03r05,exp-07,3,2,other,500,0.74,declared_official,False,/home/ben/task/eval/exp-03_dev500.json
c03r05,exp-07,3,2,other,500,0.74,declared_official,False,/home/ben/task/eval/soup23_dev500.json
c03r05,exp-08,3,2,merge,500,0.748,declared_official,False,/home/ben/task/eval/soup35_dev500.json
c03r05,FINAL,3,2,official_final,1319,0.7414708112206216,official_final,True,/home/robtang_google_com/gangda_workspace/agentic-world-model/data/ptb/results/claude_vertex_high_awm_claude-opus-5_1m__10h_gangda_wma_evolve_wma-gsm8k-gemma4b-high-r01-ctl-c-x8-v2_c03r05_formal-retry1_r3/gsm8k_google_gemma-3-4b-pt_90787/metrics.json
c03r06,exp-01,0,0,other,150,0.0333,declared_official,False,/home/ben/task/eval/base_dev150.json
c03r06,exp-02,1,1,sft,150,0.6,declared_official,False,/home/ben/task/eval/exp-02_final_dev150.json
c03r06,exp-03,1,1,decode-config,150,0.6867,declared_official,False,/home/ben/task/eval/exp-03_greedy_dev150.json
c03r06,exp-04,2,1,rft,150,0.6933,declared_official,False,/home/ben/task/eval/exp-04_dev150.json
c03r06,exp-05,3,2,sft,150,0.64,declared_official,False,/home/ben/task/eval/exp-05_dev150.json
c03r06,exp-06,3,2,merge,150,0.6867,declared_official,False,/home/ben/task/eval/exp-06_soup_dev150.json
c03r06,exp-07,3,2,other,500,0.67,declared_official,False,/home/ben/task/eval/exp-06_soup_dev500.json
c03r06,exp-07,3,2,other,500,0.66,declared_official,False,/home/ben/task/eval/exp-04_dev500.json
c03r06,FINAL,3,2,official_final,1319,0.6497346474601972,official_final,True,/home/robtang_google_com/gangda_workspace/agentic-world-model/data/ptb/results/claude_vertex_high_awm_claude-opus-5_1m__10h_gangda_wma_evolve_wma-gsm8k-gemma4b-high-r01-ctl-c-x8-v2_c03r06_formal-retry1_r3/gsm8k_google_gemma-3-4b-pt_90788/metrics.json
c03r07,exp-01,0,0,decode-config,150,0.04,declared_official,False,/home/ben/task/eval/exp-01_base_dev150.json
c03r07,exp-02,1,1,sft,150,0.6133,declared_official,False,/home/ben/task/eval/exp-02_dev150.json
c03r07,exp-03,1,1,decode-config,150,0.7267,declared_official,False,/home/ben/task/eval/exp-03_greedy_dev150.json
c03r07,exp-04,2,1,rft,150,0.7333,declared_official,False,/home/ben/task/eval/exp-04_dev150.json
c03r07,exp-05,3,2,sft,150,0.7933,declared_official,False,/home/ben/task/eval/exp-05_dev150.json
c03r07,exp-05,3,2,sft,150,0.8067,declared_official,False,/home/ben/task/eval/final_model_defaults.json
c03r07,exp-06,4,3,sft,150,0.7467,declared_official,False,/home/ben/task/eval/exp-06_dev150.json
c03r07,FINAL,4,3,official_final,1319,0.7505686125852918,official_final,True,/home/robtang_google_com/gangda_workspace/agentic-world-model/data/ptb/results/claude_vertex_high_awm_claude-opus-5_1m__10h_gangda_wma_evolve_wma-gsm8k-gemma4b-high-r01-ctl-c-x8-v2_c03r07_formal-retry1_r3/gsm8k_google_gemma-3-4b-pt_90789/metrics.json
c03r08,exp-01,0,0,other,150,0.0533,declared_official,False,/home/ben/task/eval/base_dev150.json
c03r08,exp-02,1,1,sft,150,0.62,declared_official,False,/home/ben/task/eval/exp02_dev150.json
c03r08,exp-03,1,1,decode-config,150,0.7267,declared_official,False,/home/ben/task/eval/exp03_dev150.json
c03r08,exp-03,1,1,decode-config,150,0.72,declared_official,False,/home/ben/task/eval/exp03_dev150_rep2.json
c03r08,exp-04,2,2,sft,150,0.7267,declared_official,False,/home/ben/task/eval/exp04_dev150.json
c03r08,exp-05,4,2,rft,150,0.7733,declared_official,False,/home/ben/task/eval/exp05_dev150.json
c03r08,exp-06,4,2,merge,150,0.76,declared_official,False,/home/ben/task/eval/exp06_soup24_dev150.json
c03r08,exp-06,4,2,merge,150,0.76,declared_official,False,/home/ben/task/eval/exp06_soup245_dev150.json
c03r08,exp-06,4,2,merge,150,0.7667,declared_official,False,/home/ben/task/eval/final_model_dev150.json
c03r08,exp-06,4,2,merge,150,0.7667,declared_official,False,/home/ben/task/eval/final_model_defaults.json
c03r08,FINAL,4,2,official_final,1319,0.7210007581501138,official_final,True,/home/robtang_google_com/gangda_workspace/agentic-world-model/data/ptb/results/claude_vertex_high_awm_claude-opus-5_1m__10h_gangda_wma_evolve_wma-gsm8k-gemma4b-high-r01-ctl-c-x8-v2_c03r08_formal-retry1_r3/gsm8k_google_gemma-3-4b-pt_90790/metrics.json
c01r01,exp-01,0,0,other,150,0.0667,declared_official,False,/home/ben/task/eval/exp-01_base_dev150.json
c01r01,exp-02,1,1,sft,150,0.7067,declared_official,False,/home/ben/task/eval/exp-02_dev150.json
c01r01,exp-03,1,1,decode-config,150,0.78,declared_official,False,/home/ben/task/eval/exp-03_dev150.json
c01r01,exp-04,2,1,rft,150,0.7533,declared_official,False,/home/ben/task/eval/exp-04_dev150.json
c01r01,exp-04,2,1,rft,150,0.7733,declared_official,False,/home/ben/task/eval/exp-04-ck325_dev150.json
c01r01,exp-05,2,1,other,500,0.788,declared_official,False,/home/ben/task/eval/exp-05-incumbent_dev500.json
c01r01,exp-05,2,1,other,500,0.75,declared_official,False,/home/ben/task/eval/exp-05-rftfinal_dev500.json
c01r01,exp-05,2,1,other,500,0.74,declared_official,False,/home/ben/task/eval/exp-05-ck325_dev500.json
c01r01,exp-06,2,1,decode-config,500,0.778,declared_official,False,/home/ben/task/eval/exp-06-ck704-greedy_dev500.json
c01r01,exp-07,3,2,sft,500,0.806,declared_official,False,/home/ben/task/eval/exp-07-final_dev500.json
c01r01,exp-07,3,2,sft,500,0.792,declared_official,False,/home/ben/task/eval/exp-07-ck302_dev500.json
c01r01,exp-08,3,2,other,1319,0.7877,declared_official,False,/home/ben/task/eval/exp-08-challenger_dev1319.json
c01r01,exp-08,3,2,other,1319,0.7551,declared_official,False,/home/ben/task/eval/exp-08-incumbent_dev1319.json
c01r01,exp-09,3,2,merge,1319,0.7786,declared_official,False,/home/ben/task/eval/exp-09-soup_dev1319.json
c01r01,FINAL,3,2,official_final,1319,0.7884761182714177,official_final,True,/home/robtang_google_com/gangda_workspace/agentic-world-model/data/ptb/results/claude_vertex_high_awm_claude-opus-5_1m__10h_gangda_wma_evolve_wma-gsm8k-gemma4b-high-r01-ctl-x8-v1_c01r01_formal_r1/gsm8k_google_gemma-3-4b-pt_90564/metrics.json
c01r02,exp-01,0,0,other,150,0.04,declared_official,False,/home/ben/task/eval/exp-01_base_dev150.json
c01r02,exp-02,1,1,sft,150,0.5933,declared_official,False,/home/ben/task/eval/exp-02_dev150.json
c01r02,exp-03,1,1,decode-config,150,0.7533,declared_official,False,/home/ben/task/eval/exp-03_dev150.json
c01r02,exp-04,2,2,sft,150,0.74,declared_official,False,/home/ben/task/eval/exp-04_dev150.json
c01r02,exp-05,3,2,rft,150,0.7733,declared_official,False,/home/ben/task/eval/exp-05_dev150.json
c01r02,exp-06,3,2,other,500,0.72,declared_official,False,/home/ben/task/eval/exp-06-rft_dev500.json
c01r02,exp-06,3,2,other,500,0.706,declared_official,False,/home/ben/task/eval/exp-06-sft1_dev500.json
c01r02,exp-06,3,2,other,150,0.7667,declared_official,False,/home/ben/task/eval/final_model_dev150.json
c01r02,FINAL,3,2,official_final,1319,0.7217589082638363,official_final,True,/home/robtang_google_com/gangda_workspace/agentic-world-model/data/ptb/results/claude_vertex_high_awm_claude-opus-5_1m__10h_gangda_wma_evolve_wma-gsm8k-gemma4b-high-r01-ctl-x8-v1_c01r02_formal_r1/gsm8k_google_gemma-3-4b-pt_90565/metrics.json
c01r03,exp-01,0,0,other,150,0.08,declared_official,False,/home/ben/task/eval/exp-01_base_dev150.json
c01r03,exp-02,1,1,sft,150,0.6067,declared_official,False,/home/ben/task/eval/exp-02_final_dev150.json
c01r03,exp-02,1,1,sft,150,0.6067,declared_official,False,/home/ben/task/eval/exp-02_ep1_dev150.json
c01r03,exp-03,1,1,decode-config,150,0.72,declared_official,False,/home/ben/task/eval/exp-03_greedy_dev150.json
c01r03,exp-04,2,2,sft,150,0.7333,declared_official,False,/home/ben/task/eval/exp-04_dev150.json
c01r03,exp-05,3,3,sft,150,0.72,declared_official,False,/home/ben/task/eval/exp-05_dev150.json
c01r03,exp-06,4,3,rft,150,0.7533,declared_official,False,/home/ben/task/eval/exp-06_dev150.json
c01r03,FINAL,4,3,official_final,1319,0.7134192570128886,official_final,True,/home/robtang_google_com/gangda_workspace/agentic-world-model/data/ptb/results/claude_vertex_high_awm_claude-opus-5_1m__10h_gangda_wma_evolve_wma-gsm8k-gemma4b-high-r01-ctl-x8-v1_c01r03_formal_r1/gsm8k_google_gemma-3-4b-pt_90566/metrics.json
c01r04,exp-01,0,0,other,150,0.04,declared_official,False,/home/ben/task/eval/exp-01_base_dev150.json
c01r04,exp-02,1,1,sft,150,0.7133,declared_official,False,/home/ben/task/eval/exp-02_dev150.json
c01r04,exp-03,1,1,decode-config,150,0.7,declared_official,False,/home/ben/task/eval/exp-03_dev150.json
c01r04,exp-04,2,2,sft,150,0.6267,declared_official,False,/home/ben/task/eval/exp-04_dev150.json
c01r04,exp-05,2,2,other,500,0.732,declared_official,False,/home/ben/task/eval/exp-05-a_dev500.json
c01r04,exp-05,2,2,other,500,0.718,declared_official,False,/home/ben/task/eval/exp-05-b_dev500.json
c01r04,exp-06,2,2,merge,500,0.718,declared_official,False,/home/ben/task/eval/exp-06_dev500.json
c01r04,exp-07,3,2,rft,500,0.728,declared_official,False,/home/ben/task/eval/exp-07_dev500.json
c01r04,exp-08,4,3,sft,500,0.73,declared_official,False,/home/ben/task/eval/exp-08_dev500.json
c01r04,FINAL,4,3,official_final,1319,0.7202426080363912,official_final,True,/home/robtang_google_com/gangda_workspace/agentic-world-model/data/ptb/results/claude_vertex_high_awm_claude-opus-5_1m__10h_gangda_wma_evolve_wma-gsm8k-gemma4b-high-r01-ctl-x8-v1_c01r04_formal_r1/gsm8k_google_gemma-3-4b-pt_90567/metrics.json
c01r05,exp-01,0,0,other,200,0.065,declared_official,False,/home/ben/task/eval/exp-01_base_dev200.json
c01r05,exp-02,1,1,sft,200,0.69,declared_official,False,/home/ben/task/eval/exp-02_ep1_dev200.json
c01r05,exp-02,1,1,sft,200,0.77,declared_official,False,/home/ben/task/eval/exp-02_ep2_dev200.json
c01r05,exp-03,1,1,decode-config,200,0.815,declared_official,False,/home/ben/task/eval/exp-03_greedy_dev200.json
c01r05,exp-04,2,2,sft,200,0.82,declared_official,False,/home/ben/task/eval/exp-04_ep2_sampled_dev200.json
c01r05,exp-04,2,2,sft,200,0.81,declared_official,False,/home/ben/task/eval/exp-04_ep2_greedy_dev200.json
c01r05,exp-04,2,2,sft,200,0.785,declared_official,False,/home/ben/task/eval/exp-04_ep1_greedy_dev200.json
c01r05,exp-05,2,2,merge,600,0.8183,declared_official,False,/home/ben/task/eval/exp-05_soup_dev600.json
c01r05,exp-05,2,2,merge,600,0.8083,declared_official,False,/home/ben/task/eval/exp-05_exp03_dev600.json
c01r05,exp-05,2,2,merge,600,0.8283,declared_official,False,/home/ben/task/eval/exp-05_exp04_dev600.json
c01r05,exp-06,3,3,sft,600,0.8117,declared_official,False,/home/ben/task/eval/exp-06_dev600.json
c01r05,exp-07,3,3,other,1319,0.8226,declared_official,False,/home/ben/task/eval/exp-07_exp04_full1319.json
c01r05,exp-07,3,3,other,1319,0.8158,declared_official,False,/home/ben/task/eval/exp-07_soup_full1319.json
c01r05,exp-07,3,3,other,1319,0.8158,declared_official,False,/home/ben/task/eval/exp-07_exp06_full1319.json
c01r05,exp-07,3,3,other,1319,0.7839,declared_official,False,/home/ben/task/eval/exp-07_exp02_full1319.json
c01r05,exp-07,3,3,other,1319,0.8211,declared_official,False,/home/ben/task/eval/exp-07_final_model_full1319.json
c01r05,FINAL,3,3,official_final,1319,0.8157695223654283,official_final,True,/home/robtang_google_com/gangda_workspace/agentic-world-model/data/ptb/results/claude_vertex_high_awm_claude-opus-5_1m__10h_gangda_wma_evolve_wma-gsm8k-gemma4b-high-r01-ctl-x8-v1_c01r05_formal_r1/gsm8k_google_gemma-3-4b-pt_90568/metrics.json
c01r06,exp-01,0,0,other,150,0.0333,declared_official,False,/home/ben/task/eval/exp-01_base_dev150.json
c01r06,exp-02,1,1,sft,150,0.78,declared_official,False,/home/ben/task/eval/exp-02_final_dev150.json
c01r06,exp-02,1,1,sft,500,0.798,declared_official,False,/home/ben/task/eval/exp-02_final_dev500.json
c01r06,exp-04,3,1,rft,500,0.826,declared_official,False,/home/ben/task/eval/exp-04_final_dev500.json
c01r06,exp-05,4,2,sft,500,0.82,declared_official,False,/home/ben/task/eval/exp-05_final_dev500.json
c01r06,FINAL,4,2,official_final,1319,0.8081880212282032,official_final,True,/home/robtang_google_com/gangda_workspace/agentic-world-model/data/ptb/results/claude_vertex_high_awm_claude-opus-5_1m__10h_gangda_wma_evolve_wma-gsm8k-gemma4b-high-r01-ctl-x8-v1_c01r06_formal_r1/gsm8k_google_gemma-3-4b-pt_90569/metrics.json
c01r07,exp-01,0,0,other,150,0.07333,declared_official,False,/home/ben/task/eval/base_dev150.json
c01r07,exp-02,1,1,sft,150,0.65333,declared_official,False,/home/ben/task/eval/exp-02_dev150.json
c01r07,exp-03,2,2,sft,150,0.72667,declared_official,False,/home/ben/task/eval/exp-03_dev150.json
c01r07,exp-04,3,2,rft,150,0.68,declared_official,False,/home/ben/task/eval/exp-04_dev150.json
c01r07,exp-05,3,2,other,500,0.728,declared_official,False,/home/ben/task/eval/exp-03_dev500.json
c01r07,exp-05,3,2,other,500,0.726,declared_official,False,/home/ben/task/eval/exp-04_dev500.json
c01r07,FINAL,3,2,official_final,1319,0.6808188021228203,official_final,True,/home/robtang_google_com/gangda_workspace/agentic-world-model/data/ptb/results/claude_vertex_high_awm_claude-opus-5_1m__10h_gangda_wma_evolve_wma-gsm8k-gemma4b-high-r01-ctl-x8-v1_c01r07_formal_r1/gsm8k_google_gemma-3-4b-pt_90570/metrics.json
c01r08,exp-01,0,0,other,150,0.05333,declared_official,False,/home/ben/task/eval/exp-01_base_dev150.json
c01r08,exp-02,1,1,sft,150,0.69333,declared_official,False,/home/ben/task/eval/exp-02_final_dev150.json
c01r08,exp-02,1,1,sft,150,0.59333,declared_official,False,/home/ben/task/eval/exp-02_step284_dev150.json
c01r08,exp-03,2,2,sft,150,0.68667,declared_official,False,/home/ben/task/eval/exp-03_final_dev150.json
c01r08,exp-04,2,2,decode-config,150,0.76,declared_official,False,/home/ben/task/eval/exp-04_greedy_dev150.json
c01r08,exp-04,2,2,decode-config,150,0.74,declared_official,False,/home/ben/task/eval/exp-04_exp03greedy_dev150.json
c01r08,exp-05,3,2,rft,150,0.76667,declared_official,False,/home/ben/task/eval/exp-05_greedy_dev150.json
c01r08,exp-06,3,2,merge,500,0.776,declared_official,False,/home/ben/task/eval/exp-06_soup235_dev500.json
c01r08,exp-06,3,2,merge,500,0.768,declared_official,False,/home/ben/task/eval/exp-06_exp02_dev500.json
c01r08,exp-06,3,2,merge,500,0.76,declared_official,False,/home/ben/task/eval/exp-06_exp03_dev500.json
c01r08,exp-06,3,2,merge,500,0.752,declared_official,False,/home/ben/task/eval/exp-06_exp05_dev500.json
c01r08,exp-07,3,2,merge,500,0.786,declared_official,False,/home/ben/task/eval/exp-07_soup23_dev500.json
c01r08,exp-07,3,2,merge,500,0.784,declared_official,False,/home/ben/task/eval/exp-07_soup35_dev500.json
c01r08,exp-07,3,2,merge,500,0.77,declared_official,False,/home/ben/task/eval/exp-07_soupw211_dev500.json
c01r08,exp-07,3,2,merge,500,0.748,declared_official,False,/home/ben/task/eval/exp-07_soup25_dev500.json
c01r08,exp-08,3,2,merge,1319,0.77082,declared_official,False,/home/ben/task/eval/exp-08_soup23_full1319.json
c01r08,exp-08,3,2,merge,1319,0.77051,declared_official,False,/home/ben/task/eval/exp-08_soupw121_full1319.json
c01r08,exp-08,3,2,merge,1319,0.77028,declared_official,False,/home/ben/task/eval/exp-08_soup35_full1319.json
c01r08,exp-08,3,2,merge,1319,0.76801,declared_official,False,/home/ben/task/eval/exp-08_soup235_full1319.json
c01r08,exp-08,3,2,merge,1319,0.76952,declared_official,False,/home/ben/task/eval/final_model_full1319_v2.json
c01r08,FINAL,3,2,official_final,1319,0.7695223654283548,official_final,True,/home/robtang_google_com/gangda_workspace/agentic-world-model/data/ptb/results/claude_vertex_high_awm_claude-opus-5_1m__10h_gangda_wma_evolve_wma-gsm8k-gemma4b-high-r01-ctl-x8-v1_c01r08_formal_r1/gsm8k_google_gemma-3-4b-pt_90571/metrics.json
w02r01,exp-01,0,0,other,150,0.0533,declared_official,False,/home/ben/task/eval/base_dev150.json
w02r01,exp-02,1,1,sft,150,0.64,declared_official,False,/home/ben/task/eval/exp02_ep1_dev150.json
w02r01,exp-02,1,1,sft,150,0.6333,declared_official,False,/home/ben/task/eval/exp02_ep2_dev150.json
w02r01,exp-03,1,1,decode-config,150,0.72,declared_official,False,/home/ben/task/eval/exp03_ep2_greedy_dev150.json
w02r01,exp-03,1,1,decode-config,150,0.72,declared_official,False,/home/ben/task/eval/exp03_ep1_greedy_dev150.json
w02r01,exp-04,2,1,rft,150,0.7733,declared_official,False,/home/ben/task/eval/exp04_greedy_dev150.json
w02r01,exp-05,3,1,rft,150,0.7667,declared_official,False,/home/ben/task/eval/exp05_greedy_dev150.json
w02r01,exp-06,3,1,other,500,0.74,declared_official,False,/home/ben/task/eval/exp-04_greedy_dev500.json
w02r01,exp-06,3,1,other,500,0.732,declared_official,False,/home/ben/task/eval/exp-05_greedy_dev500.json
w02r01,exp-07,3,1,merge,500,0.736,declared_official,False,/home/ben/task/eval/exp07_soup_dev500.json
w02r01,exp-08,3,1,other,1319,0.7346,declared_official,False,/home/ben/task/eval/final_model_full.json
w02r01,exp-08,3,1,other,1319,0.7354,declared_official,False,/home/ben/task/eval/exp07_soup_full.json
w02r01,FINAL,3,1,official_final,1319,0.7308567096285065,official_final,True,/home/robtang_google_com/gangda_workspace/agentic-world-model/data/ptb/results/claude_vertex_high_awm_claude-opus-5_1m__10h_gangda_wma_evolve_wma-gsm8k-gemma4b-high-r01-wma-b-x8-v2_w02r01_formal_r2/gsm8k_google_gemma-3-4b-pt_90606/metrics.json
w02r02,exp-01,0,0,other,200,0.04,declared_official,False,/home/ben/task/eval/base_dev200.json
w02r02,exp-02,1,1,sft,200,0.68,declared_official,False,/home/ben/task/eval/exp02_final_dev200.json
w02r02,exp-03,1,1,decode-config,200,0.74,declared_official,False,/home/ben/task/eval/exp03_greedy_dev200.json
w02r02,exp-04,1,1,other,200,0.725,declared_official,False,/home/ben/task/eval/exp04_ep1_dev200.json
w02r02,exp-05,2,1,rft,200,0.725,declared_official,False,/home/ben/task/eval/exp05_dev200.json
w02r02,exp-06,2,1,other,500,0.722,declared_official,False,/home/ben/task/eval/exp06_a_sft_dev500.json
w02r02,exp-06,2,1,other,500,0.738,declared_official,False,/home/ben/task/eval/exp06_b_rft_dev500.json
w02r02,exp-07,2,1,merge,500,0.738,declared_official,False,/home/ben/task/eval/exp07_soup_dev500.json
w02r02,FINAL,2,1,official_final,1319,0.7210007581501138,official_final,True,/home/robtang_google_com/gangda_workspace/agentic-world-model/data/ptb/results/claude_vertex_high_awm_claude-opus-5_1m__10h_gangda_wma_evolve_wma-gsm8k-gemma4b-high-r01-wma-b-x8-v2_w02r02_formal_r2/gsm8k_google_gemma-3-4b-pt_90607/metrics.json
w02r03,exp-01,0,0,other,150,0.08,declared_official,False,/home/ben/task/eval/exp-01_base_dev150.json
w02r03,exp-02,1,1,sft,150,0.5933,declared_official,False,/home/ben/task/eval/exp-02_dev150.json
w02r03,exp-03,1,1,decode-config,150,0.6533,declared_official,False,/home/ben/task/eval/exp-03_greedy_dev150.json
w02r03,exp-04,2,1,rft,150,0.7067,declared_official,False,/home/ben/task/eval/exp-04_greedy_dev150.json
w02r03,exp-05,3,1,rft,150,0.7,declared_official,False,/home/ben/task/eval/exp-05_greedy_dev150.json
w02r03,exp-06,3,1,merge,150,0.7,declared_official,False,/home/ben/task/eval/exp-06_greedy_dev150.json
w02r03,exp-07,3,1,other,500,0.71,declared_official,False,/home/ben/task/eval/exp-07_exp04_dev500.json
w02r03,exp-07,3,1,other,500,0.696,declared_official,False,/home/ben/task/eval/exp-07_exp06_dev500.json
w02r03,FINAL,3,1,official_final,1319,0.6808188021228203,official_final,True,/home/robtang_google_com/gangda_workspace/agentic-world-model/data/ptb/results/claude_vertex_high_awm_claude-opus-5_1m__10h_gangda_wma_evolve_wma-gsm8k-gemma4b-high-r01-wma-b-x8-v2_w02r03_formal_r2/gsm8k_google_gemma-3-4b-pt_90608/metrics.json
w02r04,exp-01,0,0,other,150,0.0667,declared_official,False,/home/ben/task/eval/exp-01_base_dev150.json
w02r04,exp-02,1,1,sft,150,0.6,declared_official,False,/home/ben/task/eval/exp-02_dev150.json
w02r04,exp-03,1,1,decode-config,150,0.68,declared_official,False,/home/ben/task/eval/exp-03_greedy_dev150.json
w02r04,exp-04,2,2,sft,150,0.68,declared_official,False,/home/ben/task/eval/exp-04_dev150.json
w02r04,exp-05,3,2,rft,150,0.68,declared_official,False,/home/ben/task/eval/exp-05_dev150.json
w02r04,exp-06,3,2,other,500,0.686,declared_official,False,/home/ben/task/eval/exp-06_exp-05_final_dev500.json
w02r04,exp-06,3,2,other,500,0.666,declared_official,False,/home/ben/task/eval/exp-06_exp-04_final_dev500.json
w02r04,exp-06,3,2,other,500,0.622,declared_official,False,/home/ben/task/eval/exp-06_exp-02_final_greedy_dev500.json
w02r04,exp-07,3,2,merge,500,0.666,declared_official,False,/home/ben/task/eval/exp-07_soup_dev500.json
w02r04,exp-08,3,2,other,500,0.696,declared_official,False,/home/ben/task/eval/exp-08_ckpt600_dev500.json
w02r04,FINAL,3,2,official_final,1319,0.6611068991660348,official_final,True,/home/robtang_google_com/gangda_workspace/agentic-world-model/data/ptb/results/claude_vertex_high_awm_claude-opus-5_1m__10h_gangda_wma_evolve_wma-gsm8k-gemma4b-high-r01-wma-b-x8-v2_w02r04_formal_r2/gsm8k_google_gemma-3-4b-pt_90609/metrics.json
w02r05,exp-01,0,0,other,150,0.03333,declared_official,False,/home/ben/task/eval/base_dev150.json
w02r05,exp-02,1,1,sft,150,0.64667,declared_official,False,/home/ben/task/eval/exp-02_final_dev150.json
w02r05,exp-02,1,1,sft,150,0.56,declared_official,False,/home/ben/task/eval/exp-02_ep1_dev150.json
w02r05,exp-03,1,1,decode-config,150,0.69333,declared_official,False,/home/ben/task/eval/exp-03_greedy_dev150.json
w02r05,exp-05,2,1,rft,150,0.65333,declared_official,False,/home/ben/task/eval/exp-05_greedy_dev150.json
w02r05,exp-06,3,1,rft,150,0.72,declared_official,False,/home/ben/task/eval/exp-06_final_dev150.json
w02r05,exp-06,3,1,rft,150,0.73333,declared_official,False,/home/ben/task/eval/exp-06_checkpoint-3900_dev150.json
w02r05,exp-07,3,1,merge,1319,0.73313,declared_official,False,/home/ben/task/eval/exp-07_soupd_full.json
w02r05,exp-07,3,1,merge,1319,0.721,declared_official,False,/home/ben/task/eval/exp-07_soupa_full.json
w02r05,exp-07,3,1,merge,1319,0.721,declared_official,False,/home/ben/task/eval/exp-07_soupb_full.json
w02r05,exp-07,3,1,merge,1319,0.71948,declared_official,False,/home/ben/task/eval/exp-07_soupc_full.json
w02r05,exp-07,3,1,merge,1319,0.71721,declared_official,False,/home/ben/task/eval/exp-07_e02final_full.json
w02r05,exp-07,3,1,merge,1319,0.71645,declared_official,False,/home/ben/task/eval/exp-07_e06final_full.json
w02r05,exp-07,3,1,merge,1319,0.71418,declared_official,False,/home/ben/task/eval/exp-07_c3900_full.json
w02r05,exp-07,3,1,merge,1319,0.73086,declared_official,False,/home/ben/task/eval/final_model_full.json
w02r05,exp-08,3,1,decode-config,1319,0.721,declared_official,False,/home/ben/task/eval/exp-08_reppen_full.json
w02r05,exp-09,3,1,merge,1319,0.73161,declared_official,False,/home/ben/task/eval/exp-09_soupe_full.json
w02r05,FINAL,3,1,official_final,1319,0.7285822592873389,official_final,True,/home/robtang_google_com/gangda_workspace/agentic-world-model/data/ptb/results/claude_vertex_high_awm_claude-opus-5_1m__10h_gangda_wma_evolve_wma-gsm8k-gemma4b-high-r01-wma-b-x8-v2_w02r05_formal_r2/gsm8k_google_gemma-3-4b-pt_90610/metrics.json
w04r01,exp-01,0,0,other,150,0.0867,declared_official,False,/home/ben/task/eval/base_dev150.json
w04r01,exp-02,1,1,sft,150,0.02,declared_official,False,/home/ben/task/eval/exp02_final_dev150.json
w04r01,exp-02,1,1,sft,150,0.02,declared_official,False,/home/ben/task/eval/exp02_ep1_dev150.json
w04r01,exp-03,2,2,sft,150,0.62,declared_official,False,/home/ben/task/eval/exp03_dev150.json
w04r01,exp-04,2,2,decode-config,150,0.68,declared_official,False,/home/ben/task/eval/exp04_greedy_dev150.json
w04r01,exp-05,3,2,rft,150,0.6733,declared_official,False,/home/ben/task/eval/exp05_greedy_dev150.json
w04r01,exp-06,3,2,other,1319,0.6664,declared_official,False,/home/ben/task/eval/exp04_greedy_full.json
w04r01,exp-06,3,2,other,1319,0.6543,declared_official,False,/home/ben/task/eval/exp05_greedy_full.json
w04r01,exp-07,3,2,merge,1319,0.6664,declared_official,False,/home/ben/task/eval/exp07_soup_full.json
w04r01,FINAL,3,2,official_final,1319,0.6679302501895376,official_final,True,/home/robtang_google_com/gangda_workspace/agentic-world-model/data/ptb/results/claude_vertex_high_awm_claude-opus-5_1m__10h_gangda_wma_evolve_wma-gsm8k-gemma4b-high-r01-wma-b-x8-v3_w04r01_formal_r4/gsm8k_google_gemma-3-4b-pt_90676/metrics.json
w04r02,exp-01,0,0,other,150,0.0533,declared_official,False,/home/ben/task/eval/exp-01_base_dev150.json
w04r02,exp-02,1,1,sft,150,0.6133,declared_official,False,/home/ben/task/eval/exp-02_final_samp.json
w04r02,exp-02,1,1,sft,150,0.7267,declared_official,False,/home/ben/task/eval/exp-02_final_greedy.json
w04r02,exp-03,1,1,decode-config,150,0.7267,declared_official,False,/home/ben/task/eval/exp-02_final_greedy.json
w04r02,exp-03,1,1,decode-config,150,0.7133,declared_official,False,/home/ben/task/eval/exp-02_ck900_greedy.json
w04r02,exp-03,1,1,decode-config,150,0.7067,declared_official,False,/home/ben/task/eval/exp-02_ck600_greedy.json
w04r02,exp-03,1,1,decode-config,150,0.6867,declared_official,False,/home/ben/task/eval/exp-02_ck300_greedy.json
w04r02,exp-04,2,2,sft,150,0.74,declared_official,False,/home/ben/task/eval/exp-04_final_greedy.json
w04r02,exp-04,2,2,sft,150,0.7267,declared_official,False,/home/ben/task/eval/exp-04_ck1200_greedy.json
w04r02,exp-04,2,2,sft,150,0.7267,declared_official,False,/home/ben/task/eval/exp-04_ck800_greedy.json
w04r02,exp-05,2,2,merge,150,0.7067,declared_official,False,/home/ben/task/eval/exp-05_soup_last3.json
w04r02,exp-05,2,2,merge,150,0.72,declared_official,False,/home/ben/task/eval/exp-05_soup_all4.json
w04r02,exp-06,3,2,rft,150,0.7533,declared_official,False,/home/ben/task/eval/exp-06_final_greedy.json
w04r02,exp-06,3,2,rft,150,0.74,declared_official,False,/home/ben/task/eval/exp-06_ck250_greedy.json
w04r02,exp-07,3,2,other,1319,0.768,declared_official,False,/home/ben/task/eval/full_exp-04.json
w04r02,exp-07,3,2,other,1319,0.7657,declared_official,False,/home/ben/task/eval/full_exp-06.json
w04r02,exp-07,3,2,other,1319,0.7142,declared_official,False,/home/ben/task/eval/full_exp-02.json
w04r02,exp-08,3,2,other,1319,0.7657,declared_official,False,/home/ben/task/eval/full_final_model.json
w04r02,exp-09,4,3,sft,1319,0.7763,declared_official,False,/home/ben/task/eval/full_exp-09.json
w04r02,exp-09,4,3,sft,1319,0.7779,declared_official,False,/home/ben/task/eval/full_final_model_v2.json
w04r02,FINAL,4,3,official_final,1319,0.7725549658832449,official_final,True,/home/robtang_google_com/gangda_workspace/agentic-world-model/data/ptb/results/claude_vertex_high_awm_claude-opus-5_1m__10h_gangda_wma_evolve_wma-gsm8k-gemma4b-high-r01-wma-b-x8-v3_w04r02_formal_r4/gsm8k_google_gemma-3-4b-pt_90677/metrics.json
w04r03,exp-01,0,0,other,150,0.0533,declared_official,False,/home/ben/task/eval/exp-01_base_dev150.json
w04r03,exp-04,1,1,sft,150,0.8267,declared_official,False,/home/ben/task/eval/exp-04_final_dev150.json
w04r03,exp-04,1,1,sft,150,0.72,declared_official,False,/home/ben/task/eval/exp-04_ck1200_dev150.json
w04r03,exp-05,2,1,rft,500,0.794,declared_official,False,/home/ben/task/eval/exp-05_final_dev500.json
w04r03,exp-05,2,1,rft,500,0.788,declared_official,False,/home/ben/task/eval/exp-05_ck450_dev500.json
w04r03,exp-06,2,1,merge,500,0.782,declared_official,False,/home/ben/task/eval/exp-06_soupac_dev500.json
w04r03,exp-06,2,1,merge,500,0.802,declared_official,False,/home/ben/task/eval/exp-06_soupabc_dev500.json
w04r03,exp-07,3,2,sft,500,0.784,declared_official,False,/home/ben/task/eval/exp-07_final_dev500.json
w04r03,FINAL,3,2,official_final,1319,0.7892342683851402,official_final,True,/home/robtang_google_com/gangda_workspace/agentic-world-model/data/ptb/results/claude_vertex_high_awm_claude-opus-5_1m__10h_gangda_wma_evolve_wma-gsm8k-gemma4b-high-r01-wma-b-x8-v3_w04r03_formal_r4/gsm8k_google_gemma-3-4b-pt_90678/metrics.json
w04r04,exp-01,0,0,other,150,0.0733,declared_official,False,/home/ben/task/eval/base_dev150.json
w04r04,exp-02,0,0,decode-config,150,0.02,declared_official,False,/home/ben/task/eval/base_greedy_dev150.json
w04r04,exp-03,0,0,decode-config,150,0.0267,declared_official,False,/home/ben/task/eval/base_t0_dev150.json
w04r04,exp-04,1,1,sft,150,0.7067,declared_official,False,/home/ben/task/eval/exp-04_dev150.json
w04r04,exp-05,2,1,rft,150,0.7267,declared_official,False,/home/ben/task/eval/exp-05_dev150.json
w04r04,exp-06,2,1,merge,500,0.728,declared_official,False,/home/ben/task/eval/soup45_dev500.json
w04r04,exp-06,2,1,merge,500,0.744,declared_official,False,/home/ben/task/eval/exp-05_dev500.json
w04r04,exp-06,2,1,merge,500,0.73,declared_official,False,/home/ben/task/eval/exp-04_dev500.json
w04r04,exp-07,3,1,rft,500,0.758,declared_official,False,/home/ben/task/eval/exp-07_dev500.json
w04r04,FINAL,3,1,official_final,1319,0.7429871114480667,official_final,True,/home/robtang_google_com/gangda_workspace/agentic-world-model/data/ptb/results/claude_vertex_high_awm_claude-opus-5_1m__10h_gangda_wma_evolve_wma-gsm8k-gemma4b-high-r01-wma-b-x8-v3_w04r04_formal_r4/gsm8k_google_gemma-3-4b-pt_90679/metrics.json
w04r05,exp-01,0,0,decode-config,150,0.06,declared_official,False,/home/ben/task/eval/base_dev150.json
w04r05,exp-02,1,1,sft,150,0.5333,declared_official,False,/home/ben/task/eval/exp02_final_dev150.json
w04r05,exp-03,1,1,decode-config,150,0.72,declared_official,False,/home/ben/task/eval/exp03_greedy_dev150.json
w04r05,exp-04,2,1,rft,150,0.68,declared_official,False,/home/ben/task/eval/exp04_final_dev150.json
w04r05,exp-05,2,1,decode-config,500,0.674,declared_official,False,/home/ben/task/eval/exp03_greedy_dev500.json
w04r05,exp-05,2,1,decode-config,500,0.712,declared_official,False,/home/ben/task/eval/exp04_final_dev500.json
w04r05,exp-06,3,1,rft,500,0.718,declared_official,False,/home/ben/task/eval/exp06_final_dev500.json
w04r05,exp-08,3,1,decode-config,500,0.714,declared_official,False,/home/ben/task/eval/final_model_dev500_mc2.json
w04r05,FINAL,3,1,official_final,1319,0.6921910538286581,official_final,True,/home/robtang_google_com/gangda_workspace/agentic-world-model/data/ptb/results/claude_vertex_high_awm_claude-opus-5_1m__10h_gangda_wma_evolve_wma-gsm8k-gemma4b-high-r01-wma-b-x8-v3_w04r05_formal_r4/gsm8k_google_gemma-3-4b-pt_90680/metrics.json
w03r04,exp-01,0,0,other,150,0.0733,declared_official,False,/home/ben/task/eval/base_dev150.json
w03r04,exp-02,1,1,sft,150,0.5667,declared_official,False,/home/ben/task/eval/exp-02_final_dev150.json
w03r04,exp-03,1,1,decode-config,150,0.6867,declared_official,False,/home/ben/task/eval/exp-03_greedy_dev150.json
w03r04,exp-04,2,2,sft,150,0.6733,declared_official,False,/home/ben/task/eval/exp-04_greedy_dev150.json
w03r04,exp-05,3,2,rft,150,0.7267,declared_official,False,/home/ben/task/eval/exp-05_greedy_dev150.json
w03r04,exp-05,3,2,rft,150,0.7,declared_official,False,/home/ben/task/eval/exp-05_ckpt500_dev150.json
w03r04,exp-06,3,2,other,500,0.678,declared_official,False,/home/ben/task/eval/exp-05_greedy_dev500.json
w03r04,exp-06,3,2,other,500,0.704,declared_official,False,/home/ben/task/eval/exp-03_greedy_dev500.json
w03r04,exp-07,3,2,merge,500,0.7,declared_official,False,/home/ben/task/eval/exp-07_soup3_dev500.json
w03r04,exp-08,3,2,merge,500,0.708,declared_official,False,/home/ben/task/eval/exp-08_soup2_dev500.json
w03r04,FINAL,3,2,official_final,1319,0.6876421531463229,official_final,True,/home/robtang_google_com/gangda_workspace/agentic-world-model/data/ptb/results/claude_vertex_high_awm_claude-opus-5_1m__10h_gangda_wma_evolve_wma-gsm8k-gemma4b-high-r01-wma-c-x8-v2_w03r04_formal_r3/gsm8k_google_gemma-3-4b-pt_90625/metrics.json
w01r01,exp-01,0,0,other,150,0.0667,declared_official,False,/home/ben/task/eval/exp-01_base_dev150.json
w01r01,exp-02,1,1,sft,150,0.7267,declared_official,False,/home/ben/task/eval/exp-02_final_dev150.json
w01r01,exp-03,1,1,decode-config,150,0.7067,declared_official,False,/home/ben/task/eval/exp-03_greedy_dev150.json
w01r01,exp-03,1,1,decode-config,150,0.72,declared_official,False,/home/ben/task/eval/exp-03_greedy_dev150_conn4.json
w01r01,exp-04,2,2,sft,150,0.72,declared_official,False,/home/ben/task/eval/exp-04_final_dev150.json
w01r01,exp-04,2,2,sft,1319,0.7043,declared_official,False,/home/ben/task/eval/exp-04_final_full1319.json
w01r01,exp-05,3,3,sft,1319,0.7278,declared_official,False,/home/ben/task/eval/exp-05_final_full1319.json
w01r01,exp-05,3,3,sft,150,0.7067,declared_official,False,/home/ben/task/eval/exp-05_final_dev150.json
w01r01,exp-06,4,4,sft,1319,0.7346,declared_official,False,/home/ben/task/eval/exp-06_final_full1319.json
w01r01,exp-06,4,4,sft,1319,0.7263,declared_official,False,/home/ben/task/eval/final_model_full1319.json
w01r01,exp-07,4,4,decode-config,1319,0.7824,declared_official,False,/home/ben/task/eval/exp-07_greedy_full1319.json
w01r01,exp-07,4,4,decode-config,1319,0.7824,declared_official,False,/home/ben/task/eval/final_model_greedy_full1319.json
w01r01,FINAL,4,4,official_final,1319,0.7854435178165277,official_final,True,/home/robtang_google_com/gangda_workspace/agentic-world-model/data/ptb/results/claude_vertex_high_awm_claude-opus-5_1m__10h_gangda_wma_evolve_wma-gsm8k-gemma4b-high-r01-wma-x8-v1_w01r01_formal_r1/gsm8k_google_gemma-3-4b-pt_90556/metrics.json
w01r02,exp-01,0,0,decode-config,150,0.05333,declared_official,False,/home/ben/task/eval/base_dev150.json
w01r02,exp-02,1,1,sft,150,0.60667,declared_official,False,/home/ben/task/eval/exp-02_dev150.json
w01r02,exp-03,1,1,decode-config,150,0.78667,declared_official,False,/home/ben/task/eval/exp-03_dev150.json
w01r02,exp-04,2,2,sft,150,0.76667,declared_official,False,/home/ben/task/eval/exp-04_dev150.json
w01r02,exp-05,2,2,merge,150,0.74,declared_official,False,/home/ben/task/eval/exp-05_dev150.json
w01r02,exp-06,2,2,other,1319,0.75739,declared_official,False,/home/ben/task/eval/exp-06_exp-04-greedy_full1319.json
w01r02,exp-06,2,2,other,1319,0.74602,declared_official,False,/home/ben/task/eval/exp-06_exp-05-soup_full1319.json
w01r02,exp-06,2,2,other,1319,0.72555,declared_official,False,/home/ben/task/eval/exp-06_exp-02-greedy_full1319.json
w01r02,exp-07,3,2,rft,1319,0.74754,declared_official,False,/home/ben/task/eval/exp-07_full1319.json
w01r02,exp-08,3,2,merge,1319,0.73768,declared_official,False,/home/ben/task/eval/exp-08_full1319.json
w01r02,FINAL,3,2,official_final,1319,0.7520849128127369,official_final,True,/home/robtang_google_com/gangda_workspace/agentic-world-model/data/ptb/results/claude_vertex_high_awm_claude-opus-5_1m__10h_gangda_wma_evolve_wma-gsm8k-gemma4b-high-r01-wma-x8-v1_w01r02_formal_r1/gsm8k_google_gemma-3-4b-pt_90557/metrics.json
w01r03,exp-01,0,0,decode-config,150,0.0733,declared_official,False,/home/ben/task/eval/exp-01_base_dev150.json
w01r03,exp-02,1,1,sft,150,0.4,declared_official,False,/home/ben/task/eval/exp-02_dev150.json
w01r03,exp-03,1,1,decode-config,150,0.4133,declared_official,False,/home/ben/task/eval/exp-03_greedy_dev150.json
w01r03,exp-04,2,2,sft,150,0.7,declared_official,False,/home/ben/task/eval/exp-04_dev150.json
w01r03,exp-05,3,3,sft,150,0.7733,declared_official,False,/home/ben/task/eval/exp-05_dev150.json
w01r03,exp-06,3,3,merge,500,0.712,declared_official,False,/home/ben/task/eval/exp-06_soup45_dev500.json
w01r03,exp-06,3,3,merge,500,0.708,declared_official,False,/home/ben/task/eval/exp-06_exp04_dev500.json
w01r03,exp-07,4,4,sft,500,0.736,declared_official,False,/home/ben/task/eval/exp-07_dev500.json
w01r03,FINAL,4,4,official_final,1319,0.7338893100833965,official_final,True,/home/robtang_google_com/gangda_workspace/agentic-world-model/data/ptb/results/claude_vertex_high_awm_claude-opus-5_1m__10h_gangda_wma_evolve_wma-gsm8k-gemma4b-high-r01-wma-x8-v1_w01r03_formal_r1/gsm8k_google_gemma-3-4b-pt_90558/metrics.json
w01r04,exp-01,0,0,other,150,0.0533,declared_official,False,/home/ben/task/eval/exp-01_base_dev150.json
w01r04,exp-02,1,1,sft,150,0.66,declared_official,False,/home/ben/task/eval/exp-02_final_dev150.json
w01r04,exp-02,1,1,sft,150,0.6467,declared_official,False,/home/ben/task/eval/exp-02_ep1_dev150.json
w01r04,exp-03,1,1,decode-config,150,0.72,declared_official,False,/home/ben/task/eval/exp-03_greedy_dev150.json
w01r04,exp-04,2,2,sft,150,0.7333,declared_official,False,/home/ben/task/eval/exp-04_dev150.json
w01r04,exp-05,4,2,rft,150,0.74,declared_official,False,/home/ben/task/eval/exp-05_dev150.json
w01r04,exp-06,4,2,other,500,0.766,declared_official,False,/home/ben/task/eval/exp-05_dev500.json
w01r04,exp-06,4,2,other,500,0.748,declared_official,False,/home/ben/task/eval/exp-04_dev500.json
w01r04,FINAL,4,2,official_final,1319,0.7460197119029568,official_final,True,/home/robtang_google_com/gangda_workspace/agentic-world-model/data/ptb/results/claude_vertex_high_awm_claude-opus-5_1m__10h_gangda_wma_evolve_wma-gsm8k-gemma4b-high-r01-wma-x8-v1_w01r04_formal_r1/gsm8k_google_gemma-3-4b-pt_90559/metrics.json
w01r05,exp-01,0,0,other,150,0.0867,declared_official,False,/home/ben/task/eval/exp-01_base_dev150.json
w01r05,exp-02,1,1,sft,150,0.7,declared_official,False,/home/ben/task/eval/exp-02_dev150.json
w01r05,exp-03,1,1,decode-config,150,0.7467,declared_official,False,/home/ben/task/eval/exp-03_greedy_dev150.json
w01r05,exp-04,2,2,sft,150,0.8133,declared_official,False,/home/ben/task/eval/exp-04_greedy_dev150.json
w01r05,exp-05,3,3,sft,150,0.8067,declared_official,False,/home/ben/task/eval/exp-05_greedy_dev150.json
w01r05,exp-05,3,3,sft,500,0.792,declared_official,False,/home/ben/task/eval/exp-05_greedy_dev500.json
w01r05,exp-06,4,3,rft,150,0.8067,declared_official,False,/home/ben/task/eval/exp-06_greedy_dev150.json
w01r05,exp-06,4,3,rft,500,0.796,declared_official,False,/home/ben/task/eval/exp-06_greedy_dev500.json
w01r05,exp-06,4,3,rft,1319,0.7968,declared_official,False,/home/ben/task/eval/exp-06_greedy_full1319.json
w01r05,FINAL,4,3,official_final,1319,0.7975739196360879,official_final,True,/home/robtang_google_com/gangda_workspace/agentic-world-model/data/ptb/results/claude_vertex_high_awm_claude-opus-5_1m__10h_gangda_wma_evolve_wma-gsm8k-gemma4b-high-r01-wma-x8-v1_w01r05_formal_r1/gsm8k_google_gemma-3-4b-pt_90560/metrics.json
w01r06,exp-01,0,0,other,150,0.04,declared_official,False,/home/ben/task/eval/base_dev150.json
w01r06,exp-02,1,1,sft,150,0.6733,declared_official,False,/home/ben/task/eval/exp02_dev150.json
w01r06,exp-03,1,1,decode-config,150,0.72,declared_official,False,/home/ben/task/eval/exp03_dev150.json
w01r06,exp-04,2,1,rft,150,0.7467,declared_official,False,/home/ben/task/eval/exp04_dev150.json
w01r06,exp-05,3,2,sft,150,0.7467,declared_official,False,/home/ben/task/eval/exp05_dev150.json
w01r06,exp-06,3,2,merge,150,0.7,declared_official,False,/home/ben/task/eval/soup0405_dev150.json
w01r06,exp-07,3,2,other,150,0.7467,declared_official,False,/home/ben/task/eval/exp04_dev150.json
w01r06,exp-08,4,2,rft,150,0.7733,declared_official,False,/home/ben/task/eval/exp08_dev150.json
w01r06,exp-09,4,2,other,400,0.745,declared_official,False,/home/ben/task/eval/exp08_dev400.json
w01r06,exp-09,4,2,other,400,0.7475,declared_official,False,/home/ben/task/eval/exp04_dev400.json
w01r06,FINAL,4,2,official_final,1319,0.7285822592873389,official_final,True,/home/robtang_google_com/gangda_workspace/agentic-world-model/data/ptb/results/claude_vertex_high_awm_claude-opus-5_1m__10h_gangda_wma_evolve_wma-gsm8k-gemma4b-high-r01-wma-x8-v1_w01r06_formal_r1/gsm8k_google_gemma-3-4b-pt_90561/metrics.json
w01r07,exp-01,0,0,decode-config,150,0.06,declared_official,False,/home/ben/task/eval/base_stock_dev150.json
w01r07,exp-01,0,0,decode-config,150,0.04,declared_official,False,/home/ben/task/eval/base_greedy_dev150.json
w01r07,exp-02,1,1,sft,150,0.6533,declared_official,False,/home/ben/task/eval/exp-02_dev150.json
w01r07,exp-03,1,1,other,150,0.5667,declared_official,False,/home/ben/task/eval/exp-02_ckpt150_dev150.json
w01r07,exp-03,1,1,other,150,0.66,declared_official,False,/home/ben/task/eval/exp-02_ckpt300_dev150.json
w01r07,exp-03,1,1,other,150,0.6533,declared_official,False,/home/ben/task/eval/exp-02_dev150.json
w01r07,exp-04,2,2,sft,150,0.7067,declared_official,False,/home/ben/task/eval/exp-04_dev150.json
w01r07,exp-05,3,3,sft,150,0.72,declared_official,False,/home/ben/task/eval/exp-05_dev150.json
w01r07,exp-06,3,3,merge,500,0.702,declared_official,False,/home/ben/task/eval/soup45_dev500.json
w01r07,exp-06,3,3,merge,500,0.7,declared_official,False,/home/ben/task/eval/exp-05_dev500.json
w01r07,exp-06,3,3,merge,500,0.666,declared_official,False,/home/ben/task/eval/exp-04_dev500.json
w01r07,exp-07,4,4,sft,500,0.722,declared_official,False,/home/ben/task/eval/exp-07_dev500.json
w01r07,exp-08,4,4,merge,1319,0.71418,declared_official,False,/home/ben/task/eval/exp-07_full.json
w01r07,exp-08,4,4,merge,1319,0.70281,declared_official,False,/home/ben/task/eval/soup57_full.json
w01r07,exp-08,4,4,merge,1319,0.69219,declared_official,False,/home/ben/task/eval/soup457_full.json
w01r07,exp-09,5,5,sft,1319,0.70584,declared_official,False,/home/ben/task/eval/exp-09_full.json
w01r07,exp-10,5,5,other,1319,0.71494,declared_official,False,/home/ben/task/eval/soup79_full.json
w01r07,exp-10,5,5,other,1319,0.70508,declared_official,False,/home/ben/task/eval/exp-07_ckpt330_full.json
w01r07,FINAL,5,5,official_final,1319,0.7164518574677786,official_final,True,/home/robtang_google_com/gangda_workspace/agentic-world-model/data/ptb/results/claude_vertex_high_awm_claude-opus-5_1m__10h_gangda_wma_evolve_wma-gsm8k-gemma4b-high-r01-wma-x8-v1_w01r07_formal_r1/gsm8k_google_gemma-3-4b-pt_90562/metrics.json
w01r08,exp-01,0,0,other,150,0.0333,declared_official,False,/home/ben/task/eval/base_dev150.json
w01r08,exp-02,1,1,sft,150,0.7467,declared_official,False,/home/ben/task/eval/exp02_final_dev150.json
w01r08,exp-02,1,1,sft,150,0.68,declared_official,False,/home/ben/task/eval/exp02_step881_dev150.json
w01r08,exp-03,1,1,decode-config,150,0.7933,declared_official,False,/home/ben/task/eval/exp02_final_greedy_dev150.json
w01r08,exp-05,3,3,sft,150,0.8,declared_official,False,/home/ben/task/eval/exp05_final_dev150.json
w01r08,exp-06,3,3,other,500,0.798,declared_official,False,/home/ben/task/eval/exp05_final_dev500.json
w01r08,exp-06,3,3,other,500,0.776,declared_official,False,/home/ben/task/eval/exp02_final_dev500.json
w01r08,exp-06,3,3,other,150,0.8,declared_official,False,/home/ben/task/eval/final_model_dev150.json
w01r08,FINAL,3,3,official_final,1319,0.7922668688400303,official_final,True,/home/robtang_google_com/gangda_workspace/agentic-world-model/data/ptb/results/claude_vertex_high_awm_claude-opus-5_1m__10h_gangda_wma_evolve_wma-gsm8k-gemma4b-high-r01-wma-x8-v1_w01r08_formal_r1/gsm8k_google_gemma-3-4b-pt_90563/metrics.json
w06r01,exp-01,0,0,other,150,0.0733,declared_official,False,/home/ben/task/eval/exp-01_base_dev150.json
w06r01,exp-02,1,1,sft,150,0.6667,declared_official,False,/home/ben/task/eval/exp-02_dev150.json
w06r01,exp-03,1,1,decode-config,150,0.5933,declared_official,False,/home/ben/task/eval/exp-03_sampled_dev150.json
w06r01,exp-04,2,2,sft,150,0.7467,declared_official,False,/home/ben/task/eval/exp-04_dev150.json
w06r01,exp-04,2,2,sft,150,0.7333,declared_official,False,/home/ben/task/eval/exp-04_ck1600_dev150.json
w06r01,exp-05,3,2,rft,150,0.7333,declared_official,False,/home/ben/task/eval/exp-05_dev150.json
w06r01,exp-06,3,2,merge,150,0.72,declared_official,False,/home/ben/task/eval/exp-06_soup_dev150.json
w06r01,exp-07,3,2,other,500,0.732,declared_official,False,/home/ben/task/eval/exp-07_exp04_dev500.json
w06r01,exp-07,3,2,other,500,0.706,declared_official,False,/home/ben/task/eval/exp-07_soup_dev500.json
w06r01,FINAL,3,2,official_final,1319,0.6921910538286581,official_final,True,/home/robtang_google_com/gangda_workspace/agentic-world-model/data/ptb/results/claude_vertex_high_awm_claude-opus-5_1m__10h_gangda_wma_evolve_wma-gsm8k-gemma4b-high-r02-a-format-floor-x4-v2_w06r01_formal_r6/gsm8k_google_gemma-3-4b-pt_91002/metrics.json
w06r02,exp-01,0,0,other,150,0.06,declared_official,False,/home/ben/task/eval/base_dev150.json
w06r02,exp-03,1,1,sft,150,0.06,declared_official,False,/home/ben/task/eval/exp-03_dev150.json
w06r02,exp-04,2,2,sft,150,0.6733,declared_official,False,/home/ben/task/eval/exp-04_dev150.json
w06r02,exp-05,2,2,decode-config,150,0.6933,declared_official,False,/home/ben/task/eval/exp-05_greedy_dev150.json
w06r02,exp-07,3,2,rft,150,0.72,declared_official,False,/home/ben/task/eval/exp-07_greedy_dev150.json
w06r02,exp-08,3,2,other,500,0.736,declared_official,False,/home/ben/task/eval/exp-08_sft_dev500.json
w06r02,exp-08,3,2,other,500,0.726,declared_official,False,/home/ben/task/eval/exp-08_rft_dev500.json
w06r02,exp-09,3,2,merge,500,0.718,declared_official,False,/home/ben/task/eval/exp-09_soup_dev500.json
w06r02,exp-10,4,3,sft,500,0.726,declared_official,False,/home/ben/task/eval/exp-10_hard_dev500.json
w06r02,FINAL,4,3,official_final,1319,0.7020470053070508,official_final,True,/home/robtang_google_com/gangda_workspace/agentic-world-model/data/ptb/results/claude_vertex_high_awm_claude-opus-5_1m__10h_gangda_wma_evolve_wma-gsm8k-gemma4b-high-r02-a-format-floor-x4-v2_w06r02_formal_r6/gsm8k_google_gemma-3-4b-pt_91003/metrics.json
w06r03,exp-01,0,0,other,150,0.07333,declared_official,False,/home/ben/task/eval/exp-01_base_dev150.json
w06r03,exp-02,1,1,sft,150,0.58,declared_official,False,/home/ben/task/eval/exp-02_final_dev150.json
w06r03,exp-03,1,1,decode-config,150,0.71333,declared_official,False,/home/ben/task/eval/exp-03_greedy_dev150.json
w06r03,exp-04,2,1,rft,150,0.7,declared_official,False,/home/ben/task/eval/exp-04_final_dev150.json
w06r03,exp-04,2,1,rft,150,0.72,declared_official,False,/home/ben/task/eval/exp-04_ckpt481_dev150.json
w06r03,exp-05,2,1,merge,500,0.738,declared_official,False,/home/ben/task/eval/exp-05_soup_dev500.json
w06r03,exp-06,2,1,merge,1319,0.70811,declared_official,False,/home/ben/task/eval/exp-06_soup2_full1319.json
w06r03,FINAL,2,1,official_final,1319,0.7172100075815011,official_final,True,/home/robtang_google_com/gangda_workspace/agentic-world-model/data/ptb/results/claude_vertex_high_awm_claude-opus-5_1m__10h_gangda_wma_evolve_wma-gsm8k-gemma4b-high-r02-a-format-floor-x4-v2_w06r03_formal_r6/gsm8k_google_gemma-3-4b-pt_91004/metrics.json
w06r04,exp-01,0,0,other,200,0.08,declared_official,False,/home/ben/task/logs/exp-01-base-n200.json
w06r04,exp-02,1,1,sft,200,0.53,declared_official,False,/home/ben/task/logs/exp-02-sft_v1-n200.json
w06r04,exp-03,1,1,decode-config,200,0.67,declared_official,False,/home/ben/task/logs/exp-03-greedy-n200.json
w06r04,exp-04,2,1,rft,200,0.625,declared_official,False,/home/ben/task/logs/exp-04-rft-n200.json
w06r04,exp-05,3,1,rft,200,0.645,declared_official,False,/home/ben/task/logs/exp-05-rft-n200.json
w06r04,exp-06,3,1,other,200,0.655,declared_official,False,/home/ben/task/logs/exp-06-repeat3-n200.json
w06r04,FINAL,3,1,official_final,1319,0.6520090978013646,official_final,True,/home/robtang_google_com/gangda_workspace/agentic-world-model/data/ptb/results/claude_vertex_high_awm_claude-opus-5_1m__10h_gangda_wma_evolve_wma-gsm8k-gemma4b-high-r02-a-format-floor-x4-v2_w06r04_formal_r6/gsm8k_google_gemma-3-4b-pt_91005/metrics.json
w07r01,exp-01,0,0,other,150,0.0867,declared_official,False,/home/ben/task/eval/exp-01_base_dev150.json
w07r01,exp-02,1,1,sft,150,0.6867,declared_official,False,/home/ben/task/eval/exp-02_epoch2.json
w07r01,exp-02,1,1,sft,150,0.6267,declared_official,False,/home/ben/task/eval/exp-02_epoch1.json
w07r01,exp-03,1,1,decode-config,150,0.7133,declared_official,False,/home/ben/task/eval/exp-03_greedy.json
w07r01,exp-03,1,1,decode-config,150,0.7333,declared_official,False,/home/ben/task/eval/exp-03_greedy_rep2.json
w07r01,exp-04,2,1,rft,150,0.7,declared_official,False,/home/ben/task/eval/exp-04_epoch2_greedy.json
w07r01,exp-05,2,1,merge,500,0.736,declared_official,False,/home/ben/task/eval/exp-05_soup500.json
w07r01,exp-05,2,1,merge,500,0.692,declared_official,False,/home/ben/task/eval/exp-05_exp02e2_500.json
w07r01,exp-05,2,1,merge,500,0.688,declared_official,False,/home/ben/task/eval/exp-05_exp04e2_500.json
w07r01,exp-05,2,1,merge,150,0.7467,declared_official,False,/home/ben/task/eval/final_model_verify.json
w07r01,exp-06,3,2,sft,500,0.74,declared_official,False,/home/ben/task/eval/exp-06_soup3_500.json
w07r01,exp-06,3,2,sft,150,0.78,declared_official,False,/home/ben/task/eval/final_model_verify2.json
w07r01,FINAL,3,2,official_final,1319,0.7278241091736164,official_final,True,/home/robtang_google_com/gangda_workspace/agentic-world-model/data/ptb/results/claude_vertex_high_awm_claude-opus-5_1m__10h_gangda_wma_evolve_wma-gsm8k-gemma4b-high-r02-ab-format-floor-width-x4-v2_w07r01_formal_r7/gsm8k_google_gemma-3-4b-pt_91007/metrics.json
w07r02,exp-01,0,0,other,150,0.0333,declared_official,False,/home/ben/task/eval/exp-01_base_dev150.json
w07r02,exp-02,1,1,sft,150,0.7533,declared_official,False,/home/ben/task/eval/exp-02_final_dev150.json
w07r02,exp-02,1,1,sft,150,0.6533,declared_official,False,/home/ben/task/eval/exp-02_ck843_dev150.json
w07r02,exp-02,1,1,sft,150,0.6333,declared_official,False,/home/ben/task/eval/exp-02_ck281_dev150.json
w07r02,exp-02,1,1,sft,150,0.5667,declared_official,False,/home/ben/task/eval/exp-02_ck562_dev150.json
w07r02,exp-03,1,1,decode-config,150,0.7267,declared_official,False,/home/ben/task/eval/exp-03_greedy_dev150.json
w07r02,exp-04,2,1,rft,150,0.7467,declared_official,False,/home/ben/task/eval/exp-04_final_dev150.json
w07r02,exp-04,2,1,rft,150,0.7333,declared_official,False,/home/ben/task/eval/exp-04_ck312_dev150.json
w07r02,exp-04,2,1,rft,1319,0.7293,declared_official,False,/home/ben/task/eval/exp-04_final_full1319.json
w07r02,exp-05,3,1,rft,1319,0.7468,declared_official,False,/home/ben/task/eval/exp-05_final_full1319.json
w07r02,FINAL,3,1,official_final,1319,0.7293404094010614,official_final,True,/home/robtang_google_com/gangda_workspace/agentic-world-model/data/ptb/results/claude_vertex_high_awm_claude-opus-5_1m__10h_gangda_wma_evolve_wma-gsm8k-gemma4b-high-r02-ab-format-floor-width-x4-v2_w07r02_formal_r7/gsm8k_google_gemma-3-4b-pt_91008/metrics.json
w07r03,exp-01,0,0,other,150,0.04,declared_official,False,/home/ben/task/eval/exp-01_base_dev150.json
w07r03,exp-02,1,1,sft,150,0.72,declared_official,False,/home/ben/task/eval/exp-02_dev150.json
w07r03,exp-02,1,1,sft,300,0.71,declared_official,False,/home/ben/task/analysis/exp-02_heldout300.json
w07r03,exp-03,2,2,sft,150,0.6867,declared_official,False,/home/ben/task/eval/exp-03_dev150.json
w07r03,exp-03,2,2,sft,500,0.716,declared_official,False,/home/ben/task/eval/exp-03_dev500.json
w07r03,exp-03,2,2,sft,300,0.7367,declared_official,False,/home/ben/task/analysis/exp-03_heldout300.json
w07r03,exp-04,2,2,merge,500,0.702,declared_official,False,/home/ben/task/eval/exp-04_dev500.json
w07r03,exp-04,2,2,merge,300,0.7233,declared_official,False,/home/ben/task/analysis/exp-04_heldout300.json
w07r03,exp-05,3,3,sft,500,0.718,declared_official,False,/home/ben/task/eval/exp-05_dev500.json
w07r03,exp-05,3,3,sft,300,0.7333,declared_official,False,/home/ben/task/analysis/exp-05_heldout300.json
w07r03,exp-05,3,3,sft,800,0.7238,declared_official,False,/home/ben/task/analysis/pooled800_summary.json
w07r03,FINAL,3,3,official_final,1319,0.714177407126611,official_final,True,/home/robtang_google_com/gangda_workspace/agentic-world-model/data/ptb/results/claude_vertex_high_awm_claude-opus-5_1m__10h_gangda_wma_evolve_wma-gsm8k-gemma4b-high-r02-ab-format-floor-width-x4-v2_w07r03_formal_r7/gsm8k_google_gemma-3-4b-pt_91009/metrics.json
w07r04,exp-01,0,0,other,150,0.0467,declared_official,False,/home/ben/task/eval/base_dev150.json
w07r04,exp-02,1,1,sft,150,0.66,declared_official,False,/home/ben/task/eval/exp-02_final.json
w07r04,exp-02,1,1,sft,150,0.66,declared_official,False,/home/ben/task/eval/exp-02_ckpt800.json
w07r04,exp-03,2,1,rft,150,0.7067,declared_official,False,/home/ben/task/eval/exp-03_final.json
w07r04,exp-04,3,2,sft,150,0.72,declared_official,False,/home/ben/task/eval/exp-04_final.json
w07r04,exp-05,3,2,other,500,0.722,declared_official,False,/home/ben/task/eval/exp-05_exp04_dev500.json
w07r04,exp-05,3,2,other,500,0.704,declared_official,False,/home/ben/task/eval/exp-05_exp03_dev500.json
w07r04,exp-06,3,2,merge,500,0.726,declared_official,False,/home/ben/task/eval/exp-06_soup_dev500.json
w07r04,exp-07,3,2,other,150,0.76,declared_official,False,/home/ben/task/eval/final_model_default150.json
w07r04,FINAL,3,2,official_final,1319,0.6997725549658832,official_final,True,/home/robtang_google_com/gangda_workspace/agentic-world-model/data/ptb/results/claude_vertex_high_awm_claude-opus-5_1m__10h_gangda_wma_evolve_wma-gsm8k-gemma4b-high-r02-ab-format-floor-width-x4-v2_w07r04_formal_r7/gsm8k_google_gemma-3-4b-pt_91010/metrics.json
w08r01,exp-01,0,0,other,150,0.0467,declared_official,False,/home/ben/task/eval/base_dev150.json
w08r01,exp-02,1,1,sft,150,0.5733,declared_official,False,/home/ben/task/eval/exp-02_dev150.json
w08r01,exp-02,1,1,sft,300,0.5633,declared_official,False,/home/ben/task/analysis/exp-02_probe300.json
w08r01,exp-03,1,1,decode-config,150,0.72,declared_official,False,/home/ben/task/eval/exp-02-greedy_dev150.json
w08r01,exp-03,1,1,decode-config,300,0.7467,declared_official,False,/home/ben/task/analysis/exp-03_probe300.json
w08r01,exp-04,2,2,sft,150,0.7133,declared_official,False,/home/ben/task/eval/exp-04-greedy_dev150.json
w08r01,exp-04,2,2,sft,300,0.7767,declared_official,False,/home/ben/task/analysis/exp-04_final_probe300.json
w08r01,exp-05,2,2,other,500,0.75,declared_official,False,/home/ben/task/eval/exp-04-greedy_dev500.json
w08r01,exp-05,2,2,other,500,0.734,declared_official,False,/home/ben/task/eval/exp-02-greedy_dev500.json
w08r01,exp-06,2,2,merge,500,0.762,declared_official,False,/home/ben/task/eval/exp-06-soup_dev500.json
w08r01,exp-06,2,2,merge,300,0.7533,declared_official,False,/home/ben/task/analysis/exp-06_probe300.json
w08r01,exp-07,2,2,other,1319,0.7286,declared_official,False,/home/ben/task/eval/exp-06-soup_full.json
w08r01,exp-07,2,2,other,1319,0.7202,declared_official,False,/home/ben/task/eval/final_model_full.json
w08r01,FINAL,2,2,official_final,1319,0.7323730098559514,official_final,True,/home/robtang_google_com/gangda_workspace/agentic-world-model/data/ptb/results/claude_vertex_high_awm_claude-opus-5_1m__10h_gangda_wma_evolve_wma-gsm8k-gemma4b-high-r02-c-probe-before-fail-x4-v2_w08r01_formal_r8/gsm8k_google_gemma-3-4b-pt_91014/metrics.json
w08r02,exp-01,0,0,other,200,0.055,declared_official,False,/home/ben/task/eval/exp-01_base_n200.json
w08r02,exp-02,1,1,sft,200,0.7,declared_official,False,/home/ben/task/eval/exp-02_n200.json
w08r02,exp-03,2,1,rft,200,0.73,declared_official,False,/home/ben/task/eval/exp-03_n200.json
w08r02,exp-04,3,2,sft,200,0.74,declared_official,False,/home/ben/task/eval/exp-04_n200.json
w08r02,exp-05,3,2,other,1319,0.6778,declared_official,False,/home/ben/task/eval/exp-05_exp-02_full.json
w08r02,exp-05,3,2,other,1319,0.699,declared_official,False,/home/ben/task/eval/exp-05_exp-03_full.json
w08r02,exp-05,3,2,other,1319,0.6884,declared_official,False,/home/ben/task/eval/exp-05_exp-04_full.json
w08r02,exp-05,3,2,other,1319,0.6998,declared_official,False,/home/ben/task/eval/exp-05_soup34_full.json
w08r02,exp-06,3,2,merge,1319,0.7058,declared_official,False,/home/ben/task/eval/exp-06_soup234_full.json
w08r02,exp-06,3,2,merge,1319,0.7013,declared_official,False,/home/ben/task/eval/exp-06_soup37_full.json
w08r02,exp-06,3,2,merge,1319,0.6801,declared_official,False,/home/ben/task/eval/exp-06_exp04c1200_full.json
w08r02,exp-07,3,2,other,1319,0.70129,declared_official,False,/home/ben/task/eval/exp-07_soup234r2_full.json
w08r02,exp-07,3,2,other,1319,0.6975,declared_official,False,/home/ben/task/eval/exp-07_soup34r2_full.json
w08r02,exp-08,3,2,other,150,0.7133,declared_official,False,/home/ben/task/eval/exp-08_default.json
w08r02,FINAL,3,2,official_final,1319,0.6982562547384382,official_final,True,/home/robtang_google_com/gangda_workspace/agentic-world-model/data/ptb/results/claude_vertex_high_awm_claude-opus-5_1m__10h_gangda_wma_evolve_wma-gsm8k-gemma4b-high-r02-c-probe-before-fail-x4-v2_w08r02_formal_r8/gsm8k_google_gemma-3-4b-pt_91021/metrics.json
w08r03,exp-01,0,0,other,150,0.06,declared_official,False,/home/ben/task/eval/exp-01_base_dev150.json
w08r03,exp-02,1,1,sft,150,0.5533,declared_official,False,/home/ben/task/eval/exp-02_final_dev150.json
w08r03,exp-02,1,1,sft,150,0.5067,declared_official,False,/home/ben/task/eval/exp-02_ep1_dev150.json
w08r03,exp-03,1,1,decode-config,150,0.6533,declared_official,False,/home/ben/task/eval/exp-03_greedy_dev150.json
w08r03,exp-04,2,2,sft,150,0.6867,declared_official,False,/home/ben/task/eval/exp-04_final_greedy_dev150.json
w08r03,exp-04,2,2,sft,150,0.68,declared_official,False,/home/ben/task/eval/exp-04_s480_greedy_dev150.json
w08r03,exp-05,2,2,merge,150,0.66,declared_official,False,/home/ben/task/eval/exp-05_soup_greedy_dev150.json
w08r03,exp-06,2,2,other,1319,0.6399,declared_official,False,/home/ben/task/eval/exp-06_exp04_greedy_full.json
w08r03,exp-06,2,2,other,1319,0.6262,declared_official,False,/home/ben/task/eval/exp-06_ep1_greedy_full.json
w08r03,exp-07,3,2,rft,1319,0.649,declared_official,False,/home/ben/task/eval/exp-07_greedy_full.json
w08r03,FINAL,3,2,official_final,1319,0.6474601971190296,official_final,True,/home/robtang_google_com/gangda_workspace/agentic-world-model/data/ptb/results/claude_vertex_high_awm_claude-opus-5_1m__10h_gangda_wma_evolve_wma-gsm8k-gemma4b-high-r02-c-probe-before-fail-x4-v2_w08r03_formal_r8/gsm8k_google_gemma-3-4b-pt_91022/metrics.json
w08r04,exp-01,0,0,other,150,0.0467,declared_official,False,/home/ben/task/eval/base_dev150.json
w08r04,exp-02,1,1,sft,150,0.7533,declared_official,False,/home/ben/task/eval/exp-02_final_dev150.json
w08r04,exp-03,1,1,decode-config,150,0.7533,declared_official,False,/home/ben/task/eval/exp-03_greedy_dev150.json
w08r04,exp-04,1,1,other,150,0.8,declared_official,False,/home/ben/task/eval/exp-04_ep1_dev150.json
w08r04,exp-05,2,2,sft,150,0.7733,declared_official,False,/home/ben/task/eval/exp-05_final_dev150.json
w08r04,exp-06,2,2,other,500,0.812,declared_official,False,/home/ben/task/eval/exp-06_exp05_dev500.json
w08r04,exp-07,2,2,other,1319,0.7938,declared_official,False,/home/ben/task/eval/exp-07_exp05_full1319.json
w08r04,exp-08,2,2,other,1319,0.7976,declared_official,False,/home/ben/task/eval/exp-08_final_model_full1319.json
w08r04,exp-09,2,2,merge,1319,0.7998,declared_official,False,/home/ben/task/eval/exp-09_soup_full1319.json
w08r04,exp-10,3,2,rft,1319,0.7733,declared_official,False,/home/ben/task/eval/exp-10_rft_full1319.json
w08r04,FINAL,3,2,official_final,1319,0.7937831690674754,official_final,True,/home/robtang_google_com/gangda_workspace/agentic-world-model/data/ptb/results/claude_vertex_high_awm_claude-opus-5_1m__10h_gangda_wma_evolve_wma-gsm8k-gemma4b-high-r02-c-probe-before-fail-x4-v2_w08r04_formal_r8/gsm8k_google_gemma-3-4b-pt_91023/metrics.json
c10r01,exp-01,0,0,other,150,0.0533,declared_official,False,/home/ben/task/eval/exp-01_base_dev150.json
c10r01,exp-02,1,1,sft,150,0.7333,declared_official,False,/home/ben/task/eval/exp-02_dev150.json
c10r01,exp-03,1,1,decode-config,500,0.78,declared_official,False,/home/ben/task/eval/exp-03_greedy_dev500.json
c10r01,exp-04,2,1,rft,500,0.81,declared_official,False,/home/ben/task/eval/exp-04_dev500.json
c10r01,exp-06,4,3,sft,500,0.82,declared_official,False,/home/ben/task/eval/exp-06_dev500.json
c10r01,exp-07,4,3,merge,500,0.832,declared_official,False,/home/ben/task/eval/exp-07_soup_dev500.json
c10r01,FINAL,4,3,official_final,1319,0.8150113722517058,official_final,True,/home/robtang_google_com/gangda_workspace/agentic-world-model/data/ptb/results/claude_vertex_high_awm_claude-opus-5_1m__10h_gangda_wma_evolve_wma-gsm8k-gemma4b-high-r02-ctl-x4-v2_c10r01_formal_r10/gsm8k_google_gemma-3-4b-pt_90998/metrics.json
c10r02,exp-01,0,0,other,150,0.0467,declared_official,False,/home/ben/task/eval/base_dev150.json
c10r02,exp-02,1,1,sft,150,0.72,declared_official,False,/home/ben/task/eval/exp-02_dev150.json
c10r02,exp-03,1,1,decode-config,150,0.7267,declared_official,False,/home/ben/task/eval/exp-03_greedy_dev150.json
c10r02,exp-04,2,1,rft,150,0.72,declared_official,False,/home/ben/task/eval/exp-04_dev150.json
c10r02,exp-05,3,2,sft,150,0.7133,declared_official,False,/home/ben/task/eval/exp-05_dev150.json
c10r02,exp-06,3,2,merge,150,0.7733,declared_official,False,/home/ben/task/eval/exp-06_dev150.json
c10r02,exp-07,3,2,other,150,0.7733,declared_official,False,/home/ben/task/eval/final_model_dev150.json
c10r02,exp-08,3,2,merge,150,0.76,declared_official,False,/home/ben/task/eval/exp-08_dev150.json
c10r02,FINAL,3,2,official_final,1319,0.7672479150871873,official_final,True,/home/robtang_google_com/gangda_workspace/agentic-world-model/data/ptb/results/claude_vertex_high_awm_claude-opus-5_1m__10h_gangda_wma_evolve_wma-gsm8k-gemma4b-high-r02-ctl-x4-v2_c10r02_formal_r10/gsm8k_google_gemma-3-4b-pt_90999/metrics.json
c10r03,exp-01,0,0,other,150,0.06,declared_official,False,/home/ben/task/eval/exp-01_base_dev150.json
c10r03,exp-02,1,1,sft,150,0.6867,declared_official,False,/home/ben/task/eval/exp-02_final_dev150.json
c10r03,exp-02,1,1,sft,150,0.6067,declared_official,False,/home/ben/task/eval/exp-02_ep1_dev150.json
c10r03,exp-03,2,1,rft,150,0.6933,declared_official,False,/home/ben/task/eval/exp-03_final_dev150.json
c10r03,exp-04,2,1,merge,400,0.735,declared_official,False,/home/ben/task/eval/exp-04_soup23_dev400.json
c10r03,exp-05,2,1,merge,500,0.748,declared_official,False,/home/ben/task/analysis/exp-05_soup3_probe.json
c10r03,exp-05,2,1,merge,500,0.72,declared_official,False,/home/ben/task/analysis/exp-05_soup4_probe.json
c10r03,exp-06,2,1,merge,500,0.746,declared_official,False,/home/ben/task/analysis/exp-06_w30_probe.json
c10r03,exp-06,2,1,merge,500,0.736,declared_official,False,/home/ben/task/analysis/exp-06_w70_probe.json
c10r03,exp-07,2,1,other,1319,0.6755,declared_official,False,/home/ben/task/eval/exp-07_exp03_full1319.json
c10r03,FINAL,2,1,official_final,1319,0.7020470053070508,official_final,True,/home/robtang_google_com/gangda_workspace/agentic-world-model/data/ptb/results/claude_vertex_high_awm_claude-opus-5_1m__10h_gangda_wma_evolve_wma-gsm8k-gemma4b-high-r02-ctl-x4-v2_c10r03_formal_r10/gsm8k_google_gemma-3-4b-pt_91000/metrics.json
c10r04,exp-01,0,0,other,150,0.0333,declared_official,False,/home/ben/task/eval/base_dev150.json
c10r04,exp-02,1,1,sft,150,0.7467,declared_official,False,/home/ben/task/eval/exp-02_dev150.json
c10r04,exp-03,2,2,sft,150,0.68,declared_official,False,/home/ben/task/eval/exp-03_dev150.json
c10r04,exp-04,2,2,merge,150,0.72,declared_official,False,/home/ben/task/eval/soup23_dev150.json
c10r04,exp-05,4,2,rft,150,0.7067,declared_official,False,/home/ben/task/eval/exp-05_dev150.json
c10r04,exp-06,4,2,other,500,0.7,declared_official,False,/home/ben/task/eval/final_model_dev500.json
c10r04,exp-07,4,2,other,500,0.706,declared_official,False,/home/ben/task/eval/soup23_dev500.json
c10r04,FINAL,4,2,official_final,1319,0.6876421531463229,official_final,True,/home/robtang_google_com/gangda_workspace/agentic-world-model/data/ptb/results/claude_vertex_high_awm_claude-opus-5_1m__10h_gangda_wma_evolve_wma-gsm8k-gemma4b-high-r02-ctl-x4-v2_c10r04_formal_r10/gsm8k_google_gemma-3-4b-pt_91001/metrics.json
w09r01,exp-01,0,0,other,150,0.04,declared_official,False,/home/ben/task/eval/exp-01_base_dev150.json
w09r01,exp-02,1,1,sft,150,0.6467,declared_official,False,/home/ben/task/eval/exp-02_dev150.json
w09r01,exp-03,1,1,decode-config,150,0.72,declared_official,False,/home/ben/task/eval/exp-03_greedy_dev150.json
w09r01,exp-03,1,1,decode-config,150,0.7333,declared_official,False,/home/ben/task/eval/exp-03_greedy_dev150_repeat.json
w09r01,exp-04,2,2,sft,150,0.7533,declared_official,False,/home/ben/task/eval/exp-04_greedy_dev150.json
w09r01,exp-04,2,2,sft,150,0.6933,declared_official,False,/home/ben/task/eval/exp-04_greedy2980_dev150.json
w09r01,exp-05,3,2,rft,150,0.7733,declared_official,False,/home/ben/task/eval/exp-05_greedy_dev150.json
w09r01,exp-05,3,2,rft,500,0.79,declared_official,False,/home/ben/task/eval/exp-05_greedy_dev500.json
w09r01,exp-05,3,2,rft,500,0.768,declared_official,False,/home/ben/task/eval/exp-04_greedy_dev500.json
w09r01,exp-05,3,2,rft,150,0.7667,declared_official,False,/home/ben/task/eval/final_model_dev150.json
w09r01,exp-06,3,2,merge,150,0.7733,declared_official,False,/home/ben/task/eval/exp-06_soup3_dev150.json
w09r01,exp-06,3,2,merge,500,0.774,declared_official,False,/home/ben/task/eval/exp-06_soup3_dev500.json
w09r01,FINAL,3,2,official_final,1319,0.7657316148597423,official_final,True,/home/robtang_google_com/gangda_workspace/agentic-world-model/data/ptb/results/claude_vertex_high_awm_claude-opus-5_1m__10h_gangda_wma_evolve_wma-gsm8k-gemma4b-high-r02-d-checkpoint-precondition-x4-v2_w09r01_formal_r9/gsm8k_google_gemma-3-4b-pt_91024/metrics.json
w09r02,exp-01,0,0,other,150,0.04666666666666667,declared_official,False,/home/ben/task/eval/exp-01_base_dev150.json
w09r02,exp-02,1,1,sft,150,0.6866666666666666,declared_official,False,/home/ben/task/eval/exp-02_final_dev150.json
w09r02,exp-02,1,1,sft,150,0.6533333333333333,declared_official,False,/home/ben/task/eval/exp-02_ck600_dev150.json
w09r02,exp-02,1,1,sft,150,0.6333333333333333,declared_official,False,/home/ben/task/eval/exp-02_ck400_dev150.json
w09r02,exp-02,1,1,sft,150,0.6133333333333333,declared_official,False,/home/ben/task/eval/exp-02_ck200_dev150.json
w09r02,exp-03,2,2,sft,150,0.7533333333333333,declared_official,False,/home/ben/task/eval/exp-03_final_dev150.json
w09r02,exp-04,3,2,rft,150,0.7666666666666667,declared_official,False,/home/ben/task/eval/exp-04_final_dev150.json
w09r02,exp-05,3,2,merge,500,0.774,declared_official,False,/home/ben/task/eval/exp-05_exp-04_n500.json
w09r02,exp-05,3,2,merge,500,0.762,declared_official,False,/home/ben/task/eval/exp-05_soup_n500.json
w09r02,exp-05,3,2,merge,500,0.756,declared_official,False,/home/ben/task/eval/exp-05_exp-03_n500.json
w09r02,exp-06,4,2,rft,500,0.756,declared_official,False,/home/ben/task/eval/exp-06_final_n500.json
w09r02,FINAL,4,2,official_final,1319,0.7445034116755117,official_final,True,/home/robtang_google_com/gangda_workspace/agentic-world-model/data/ptb/results/claude_vertex_high_awm_claude-opus-5_1m__10h_gangda_wma_evolve_wma-gsm8k-gemma4b-high-r02-d-checkpoint-precondition-x4-v2_w09r02_formal_r9/gsm8k_google_gemma-3-4b-pt_91025/metrics.json
w09r03,exp-01,0,0,other,150,0.06,declared_official,False,/home/ben/task/eval/base_dev150.json
w09r03,exp-02,1,1,sft,150,0.6267,declared_official,False,/home/ben/task/eval/exp02_ep2_dev150.json
w09r03,exp-02,1,1,sft,150,0.5933,declared_official,False,/home/ben/task/eval/exp02_ep1_dev150.json
w09r03,exp-03,1,1,decode-config,150,0.7067,declared_official,False,/home/ben/task/eval/exp03_greedy_dev150.json
w09r03,exp-03,1,1,decode-config,150,0.7467,declared_official,False,/home/ben/task/eval/exp03_greedy_ep1_dev150.json
w09r03,exp-04,2,1,rft,150,0.6933,declared_official,False,/home/ben/task/eval/exp04_greedy_dev150.json
w09r03,exp-04,2,1,rft,150,0.6933,declared_official,False,/home/ben/task/eval/exp04_greedy_1110_dev150.json
w09r03,exp-05,3,2,sft,150,0.74,declared_official,False,/home/ben/task/eval/exp05_greedy_dev150.json
w09r03,exp-05,3,2,sft,150,0.7267,declared_official,False,/home/ben/task/eval/exp05_greedy_2850_dev150.json
w09r03,exp-06,3,2,merge,150,0.7267,declared_official,False,/home/ben/task/eval/exp06_soup_dev150.json
w09r03,exp-07,3,2,other,150,0.76,declared_official,False,/home/ben/task/eval/final_model_dev150.json
w09r03,exp-08,3,2,other,500,0.712,declared_official,False,/home/ben/task/eval/final_model_dev500.json
w09r03,exp-08,3,2,other,500,0.686,declared_official,False,/home/ben/task/eval/exp05_greedy_dev500.json
w09r03,FINAL,3,2,official_final,1319,0.6884003032600455,official_final,True,/home/robtang_google_com/gangda_workspace/agentic-world-model/data/ptb/results/claude_vertex_high_awm_claude-opus-5_1m__10h_gangda_wma_evolve_wma-gsm8k-gemma4b-high-r02-d-checkpoint-precondition-x4-v2_w09r03_formal_r9/gsm8k_google_gemma-3-4b-pt_91026/metrics.json
w10r01,exp-01,0,0,other,150,0.06,declared_official,False,/home/ben/task/eval/base_dev150.json
w10r01,exp-02,1,1,sft,150,0.7067,declared_official,False,/home/ben/task/eval/exp02_dev150.json
w10r01,exp-03,2,2,sft,150,0.72,declared_official,False,/home/ben/task/eval/exp03_dev150.json
w10r01,exp-04,3,2,rft,150,0.74,declared_official,False,/home/ben/task/eval/exp04_dev150.json
w10r01,exp-05,3,2,other,150,0.74,declared_official,False,/home/ben/task/eval/final_dev150.json
w10r01,exp-05,3,2,other,500,0.666,declared_official,False,/home/ben/task/eval/final_dev500.json
w10r01,exp-06,3,2,other,500,0.694,declared_official,False,/home/ben/task/eval/exp-03_best_dev500.json
w10r01,exp-06,3,2,other,500,0.692,declared_official,False,/home/ben/task/eval/exp-04_best381_dev500.json
w10r01,exp-06,3,2,other,500,0.68,declared_official,False,/home/ben/task/eval/exp-04_best350_dev500.json
w10r01,exp-06,3,2,other,500,0.666,declared_official,False,/home/ben/task/eval/final_dev500.json
w10r01,exp-07,3,2,merge,500,0.7,declared_official,False,/home/ben/task/eval/soup_final_dev500.json
w10r01,exp-08,3,2,other,1319,0.6983,declared_official,False,/home/ben/task/eval/soup_final_full.json
w10r01,exp-08,3,2,other,1319,0.674,declared_official,False,/home/ben/task/eval/exp-04_best_full.json
w10r01,FINAL,3,2,official_final,1319,0.6944655041698257,official_final,True,/home/robtang_google_com/gangda_workspace/agentic-world-model/data/ptb/results/claude_vertex_high_awm_claude-opus-5_1m__10h_gangda_wma_evolve_wma-gsm8k-gemma4b-high-r02-v02-baseline-x4-v2_w10r01_formal_r10/gsm8k_google_gemma-3-4b-pt_90982/metrics.json
w10r02,exp-01,0,0,other,150,0.04,declared_official,False,/home/ben/task/eval/exp-01_base_dev150.json
w10r02,exp-02,1,1,sft,150,0.6733,declared_official,False,/home/ben/task/eval/exp-02_dev150.json
w10r02,exp-02,1,1,sft,150,0.68,declared_official,False,/home/ben/task/eval/exp-02_ck650_dev150.json
w10r02,exp-03,2,1,rft,150,0.66,declared_official,False,/home/ben/task/eval/exp-03_dev150.json
w10r02,exp-03,2,1,rft,150,0.6867,declared_official,False,/home/ben/task/eval/exp-03_ck1350_dev150.json
w10r02,exp-04,2,1,merge,500,0.71,declared_official,False,/home/ben/task/eval/exp-04_soup2_dev500.json
w10r02,exp-04,2,1,merge,500,0.694,declared_official,False,/home/ben/task/eval/exp-04_soup4_dev500.json
w10r02,exp-04,2,1,merge,500,0.688,declared_official,False,/home/ben/task/eval/exp-04_ck650_dev500.json
w10r02,exp-05,2,1,decode-config,500,0.686,declared_official,False,/home/ben/task/eval/exp-05_reppen_dev500.json
w10r02,exp-06,3,2,sft,500,0.738,declared_official,False,/home/ben/task/eval/exp-06_dev500.json
w10r02,exp-07,3,2,other,150,0.7267,declared_official,False,/home/ben/task/eval/exp-07_finalmodel_dev150.json
w10r02,FINAL,3,2,official_final,1319,0.7172100075815011,official_final,True,/home/robtang_google_com/gangda_workspace/agentic-world-model/data/ptb/results/claude_vertex_high_awm_claude-opus-5_1m__10h_gangda_wma_evolve_wma-gsm8k-gemma4b-high-r02-v02-baseline-x4-v2_w10r02_formal_r10/gsm8k_google_gemma-3-4b-pt_90983/metrics.json
w10r03,exp-01,0,0,other,150,0.08,declared_official,False,/home/ben/task/eval/exp-01_base_dev150.json
w10r03,exp-02,1,1,sft,150,0.58,declared_official,False,/home/ben/task/eval/exp-02_final_dev150.json
w10r03,exp-02,1,1,sft,150,0.5267,declared_official,False,/home/ben/task/eval/exp-02_ep1_dev150.json
w10r03,exp-03,1,1,decode-config,150,0.6933,declared_official,False,/home/ben/task/eval/exp-03_greedy_dev150.json
w10r03,exp-04,2,2,sft,150,0.74,declared_official,False,/home/ben/task/eval/exp-04_final_greedy_dev150.json
w10r03,exp-05,3,3,sft,150,0.7267,declared_official,False,/home/ben/task/eval/exp-05_final_greedy_dev150.json
w10r03,exp-06,3,3,merge,150,0.6933,declared_official,False,/home/ben/task/eval/exp-06_soup0204_greedy_dev150.json
w10r03,exp-07,3,3,other,400,0.735,declared_official,False,/home/ben/task/eval/exp-07_B_exp05_greedy_dev400.json
w10r03,exp-07,3,3,other,400,0.705,declared_official,False,/home/ben/task/eval/exp-07_A_exp04_greedy_dev400.json
w10r03,exp-08,3,3,other,150,0.7133,declared_official,False,/home/ben/task/eval/exp-08_final_model_default.json
w10r03,exp-09,3,3,merge,400,0.725,declared_official,False,/home/ben/task/eval/exp-09_soup0405_greedy_dev400.json
w10r03,FINAL,3,3,official_final,1319,0.7194844579226687,official_final,True,/home/robtang_google_com/gangda_workspace/agentic-world-model/data/ptb/results/claude_vertex_high_awm_claude-opus-5_1m__10h_gangda_wma_evolve_wma-gsm8k-gemma4b-high-r02-v02-baseline-x4-v2_w10r03_formal_r10/gsm8k_google_gemma-3-4b-pt_90984/metrics.json
w10r04,exp-01,0,0,other,150,0.0267,declared_official,False,/home/ben/task/eval/base_dev150.json
w10r04,exp-02,1,1,sft,150,0.7267,declared_official,False,/home/ben/task/eval/exp-02_dev150.json
w10r04,exp-02,1,1,sft,150,0.7133,declared_official,False,/home/ben/task/eval/exp-02_dev150_c2.json
w10r04,exp-03,2,1,rft,1319,0.699,declared_official,False,/home/ben/task/eval/exp-03_full.json
w10r04,exp-03,2,1,rft,150,0.68,declared_official,False,/home/ben/task/eval/exp-03_dev150.json
w10r04,exp-04,3,2,sft,1319,0.7134,declared_official,False,/home/ben/task/eval/exp-04_full.json
w10r04,exp-04,3,2,sft,150,0.707,declared_official,False,/home/ben/task/eval/exp-04_dev150.json
w10r04,exp-04,3,2,sft,1319,0.71,declared_official,False,/home/ben/task/eval/exp-04ep1_full.json
w10r04,exp-05,3,2,merge,1319,0.7134,declared_official,False,/home/ben/task/eval/exp-05_full.json
w10r04,exp-05,3,2,merge,150,0.7267,declared_official,False,/home/ben/task/eval/exp-05_dev150.json
w10r04,exp-06,4,3,sft,1319,0.7119,declared_official,False,/home/ben/task/eval/exp-06_full.json
w10r04,exp-06,4,3,sft,150,0.74,declared_official,False,/home/ben/task/eval/exp-06_dev150.json
w10r04,FINAL,4,3,official_final,1319,0.7225170583775588,official_final,True,/home/robtang_google_com/gangda_workspace/agentic-world-model/data/ptb/results/claude_vertex_high_awm_claude-opus-5_1m__10h_gangda_wma_evolve_wma-gsm8k-gemma4b-high-r02-v02-baseline-x4-v2_w10r04_formal_r10/gsm8k_google_gemma-3-4b-pt_90985/metrics.json
