batch,cell,accuracy,job,result_dir,manifest,spec,cards,verdicts,receipts
wma-gsm8k-gemma4b-high-r01-ctl-b-x8-v2,c02r01,0.7384382107657316,90614,/home/robtang_google_com/gangda_workspace/agentic-world-model/data/ptb/results/claude_vertex_high_awm_claude-opus-5_1m__10h_gangda_wma_evolve_wma-gsm8k-gemma4b-high-r01-ctl-b-x8-v2_c02r01_formal_r2/gsm8k_google_gemma-3-4b-pt_90614,/home/robtang_google_com/gangda_workspace/agentic-world-model/experiments/posttrainbench/wma-gsm8k-gemma4b-high-r01-ctl-b-x8-v2.yaml,doc/spec/2026-09-02-wma-round01-online-gsm8k-gemma4b.md,10,0,/home/robtang_google_com/gangda_workspace/agentic-world-model/data/ptb/batches/wma-gsm8k-gemma4b-high-r01-ctl-b-x8-v2/formal-2026-09-02T142736.004480+0000.json
wma-gsm8k-gemma4b-high-r01-ctl-b-x8-v2,c02r02,0.6929492039423806,90615,/home/robtang_google_com/gangda_workspace/agentic-world-model/data/ptb/results/claude_vertex_high_awm_claude-opus-5_1m__10h_gangda_wma_evolve_wma-gsm8k-gemma4b-high-r01-ctl-b-x8-v2_c02r02_formal_r2/gsm8k_google_gemma-3-4b-pt_90615,/home/robtang_google_com/gangda_workspace/agentic-world-model/experiments/posttrainbench/wma-gsm8k-gemma4b-high-r01-ctl-b-x8-v2.yaml,doc/spec/2026-09-02-wma-round01-online-gsm8k-gemma4b.md,8,0,/home/robtang_google_com/gangda_workspace/agentic-world-model/data/ptb/batches/wma-gsm8k-gemma4b-high-r01-ctl-b-x8-v2/formal-2026-09-02T142736.004480+0000.json
wma-gsm8k-gemma4b-high-r01-ctl-b-x8-v2,c02r03,0.7399545109931767,90616,/home/robtang_google_com/gangda_workspace/agentic-world-model/data/ptb/results/claude_vertex_high_awm_claude-opus-5_1m__10h_gangda_wma_evolve_wma-gsm8k-gemma4b-high-r01-ctl-b-x8-v2_c02r03_formal_r2/gsm8k_google_gemma-3-4b-pt_90616,/home/robtang_google_com/gangda_workspace/agentic-world-model/experiments/posttrainbench/wma-gsm8k-gemma4b-high-r01-ctl-b-x8-v2.yaml,doc/spec/2026-09-02-wma-round01-online-gsm8k-gemma4b.md,12,0,/home/robtang_google_com/gangda_workspace/agentic-world-model/data/ptb/batches/wma-gsm8k-gemma4b-high-r01-ctl-b-x8-v2/formal-2026-09-02T142736.004480+0000.json
wma-gsm8k-gemma4b-high-r01-ctl-b-x8-v2,c02r04,0.7536012130401819,90617,/home/robtang_google_com/gangda_workspace/agentic-world-model/data/ptb/results/claude_vertex_high_awm_claude-opus-5_1m__10h_gangda_wma_evolve_wma-gsm8k-gemma4b-high-r01-ctl-b-x8-v2_c02r04_formal_r2/gsm8k_google_gemma-3-4b-pt_90617,/home/robtang_google_com/gangda_workspace/agentic-world-model/experiments/posttrainbench/wma-gsm8k-gemma4b-high-r01-ctl-b-x8-v2.yaml,doc/spec/2026-09-02-wma-round01-online-gsm8k-gemma4b.md,7,0,/home/robtang_google_com/gangda_workspace/agentic-world-model/data/ptb/batches/wma-gsm8k-gemma4b-high-r01-ctl-b-x8-v2/formal-2026-09-02T142736.004480+0000.json
wma-gsm8k-gemma4b-high-r01-ctl-b-x8-v2,c02r05,0.6739954510993177,90618,/home/robtang_google_com/gangda_workspace/agentic-world-model/data/ptb/results/claude_vertex_high_awm_claude-opus-5_1m__10h_gangda_wma_evolve_wma-gsm8k-gemma4b-high-r01-ctl-b-x8-v2_c02r05_formal_r2/gsm8k_google_gemma-3-4b-pt_90618,/home/robtang_google_com/gangda_workspace/agentic-world-model/experiments/posttrainbench/wma-gsm8k-gemma4b-high-r01-ctl-b-x8-v2.yaml,doc/spec/2026-09-02-wma-round01-online-gsm8k-gemma4b.md,8,0,/home/robtang_google_com/gangda_workspace/agentic-world-model/data/ptb/batches/wma-gsm8k-gemma4b-high-r01-ctl-b-x8-v2/formal-2026-09-02T142736.004480+0000.json
wma-gsm8k-gemma4b-high-r01-ctl-b-x8-v3,c04r01,0.8081880212282032,90684,/home/robtang_google_com/gangda_workspace/agentic-world-model/data/ptb/results/claude_vertex_high_awm_claude-opus-5_1m__10h_gangda_wma_evolve_wma-gsm8k-gemma4b-high-r01-ctl-b-x8-v3_c04r01_formal_r4/gsm8k_google_gemma-3-4b-pt_90684,/home/robtang_google_com/gangda_workspace/agentic-world-model/experiments/posttrainbench/wma-gsm8k-gemma4b-high-r01-ctl-b-x8-v3.yaml,doc/spec/2026-09-02-wma-round01-online-gsm8k-gemma4b.md,6,0,/home/robtang_google_com/gangda_workspace/agentic-world-model/data/ptb/batches/wma-gsm8k-gemma4b-high-r01-ctl-b-x8-v3/formal-2026-09-02T192005.328594+0000.json
wma-gsm8k-gemma4b-high-r01-ctl-b-x8-v3,c04r02,0.7634571645185747,90685,/home/robtang_google_com/gangda_workspace/agentic-world-model/data/ptb/results/claude_vertex_high_awm_claude-opus-5_1m__10h_gangda_wma_evolve_wma-gsm8k-gemma4b-high-r01-ctl-b-x8-v3_c04r02_formal_r4/gsm8k_google_gemma-3-4b-pt_90685,/home/robtang_google_com/gangda_workspace/agentic-world-model/experiments/posttrainbench/wma-gsm8k-gemma4b-high-r01-ctl-b-x8-v3.yaml,doc/spec/2026-09-02-wma-round01-online-gsm8k-gemma4b.md,9,0,/home/robtang_google_com/gangda_workspace/agentic-world-model/data/ptb/batches/wma-gsm8k-gemma4b-high-r01-ctl-b-x8-v3/formal-2026-09-02T192005.328594+0000.json
wma-gsm8k-gemma4b-high-r01-ctl-b-x8-v3,c04r03,0.7232752084912812,90686,/home/robtang_google_com/gangda_workspace/agentic-world-model/data/ptb/results/claude_vertex_high_awm_claude-opus-5_1m__10h_gangda_wma_evolve_wma-gsm8k-gemma4b-high-r01-ctl-b-x8-v3_c04r03_formal_r4/gsm8k_google_gemma-3-4b-pt_90686,/home/robtang_google_com/gangda_workspace/agentic-world-model/experiments/posttrainbench/wma-gsm8k-gemma4b-high-r01-ctl-b-x8-v3.yaml,doc/spec/2026-09-02-wma-round01-online-gsm8k-gemma4b.md,7,0,/home/robtang_google_com/gangda_workspace/agentic-world-model/data/ptb/batches/wma-gsm8k-gemma4b-high-r01-ctl-b-x8-v3/formal-2026-09-02T192005.328594+0000.json
wma-gsm8k-gemma4b-high-r01-ctl-b-x8-v3,c04r04,0.7589082638362395,90687,/home/robtang_google_com/gangda_workspace/agentic-world-model/data/ptb/results/claude_vertex_high_awm_claude-opus-5_1m__10h_gangda_wma_evolve_wma-gsm8k-gemma4b-high-r01-ctl-b-x8-v3_c04r04_formal_r4/gsm8k_google_gemma-3-4b-pt_90687,/home/robtang_google_com/gangda_workspace/agentic-world-model/experiments/posttrainbench/wma-gsm8k-gemma4b-high-r01-ctl-b-x8-v3.yaml,doc/spec/2026-09-02-wma-round01-online-gsm8k-gemma4b.md,9,0,/home/robtang_google_com/gangda_workspace/agentic-world-model/data/ptb/batches/wma-gsm8k-gemma4b-high-r01-ctl-b-x8-v3/formal-2026-09-02T192005.328594+0000.json
wma-gsm8k-gemma4b-high-r01-ctl-c-x8-v2,c03r04,0.7103866565579985,90786,/home/robtang_google_com/gangda_workspace/agentic-world-model/data/ptb/results/claude_vertex_high_awm_claude-opus-5_1m__10h_gangda_wma_evolve_wma-gsm8k-gemma4b-high-r01-ctl-c-x8-v2_c03r04_formal-retry1_r3/gsm8k_google_gemma-3-4b-pt_90786,/home/robtang_google_com/gangda_workspace/agentic-world-model/experiments/posttrainbench/wma-gsm8k-gemma4b-high-r01-ctl-c-x8-v2.yaml,doc/spec/2026-09-02-wma-round01-online-gsm8k-gemma4b.md,8,0,/home/robtang_google_com/gangda_workspace/agentic-world-model/data/ptb/batches/wma-gsm8k-gemma4b-high-r01-ctl-c-x8-v2/formal-2026-09-02T142822.865161+0000.json | /home/robtang_google_com/gangda_workspace/agentic-world-model/data/ptb/batches/wma-gsm8k-gemma4b-high-r01-ctl-c-x8-v2/formal-retry1-2026-09-02T203250.281373+0000.json
wma-gsm8k-gemma4b-high-r01-ctl-c-x8-v2,c03r05,0.7414708112206216,90787,/home/robtang_google_com/gangda_workspace/agentic-world-model/data/ptb/results/claude_vertex_high_awm_claude-opus-5_1m__10h_gangda_wma_evolve_wma-gsm8k-gemma4b-high-r01-ctl-c-x8-v2_c03r05_formal-retry1_r3/gsm8k_google_gemma-3-4b-pt_90787,/home/robtang_google_com/gangda_workspace/agentic-world-model/experiments/posttrainbench/wma-gsm8k-gemma4b-high-r01-ctl-c-x8-v2.yaml,doc/spec/2026-09-02-wma-round01-online-gsm8k-gemma4b.md,8,0,/home/robtang_google_com/gangda_workspace/agentic-world-model/data/ptb/batches/wma-gsm8k-gemma4b-high-r01-ctl-c-x8-v2/formal-2026-09-02T142822.865161+0000.json | /home/robtang_google_com/gangda_workspace/agentic-world-model/data/ptb/batches/wma-gsm8k-gemma4b-high-r01-ctl-c-x8-v2/formal-retry1-2026-09-02T203250.281373+0000.json
wma-gsm8k-gemma4b-high-r01-ctl-c-x8-v2,c03r06,0.6497346474601972,90788,/home/robtang_google_com/gangda_workspace/agentic-world-model/data/ptb/results/claude_vertex_high_awm_claude-opus-5_1m__10h_gangda_wma_evolve_wma-gsm8k-gemma4b-high-r01-ctl-c-x8-v2_c03r06_formal-retry1_r3/gsm8k_google_gemma-3-4b-pt_90788,/home/robtang_google_com/gangda_workspace/agentic-world-model/experiments/posttrainbench/wma-gsm8k-gemma4b-high-r01-ctl-c-x8-v2.yaml,doc/spec/2026-09-02-wma-round01-online-gsm8k-gemma4b.md,7,0,/home/robtang_google_com/gangda_workspace/agentic-world-model/data/ptb/batches/wma-gsm8k-gemma4b-high-r01-ctl-c-x8-v2/formal-2026-09-02T142822.865161+0000.json | /home/robtang_google_com/gangda_workspace/agentic-world-model/data/ptb/batches/wma-gsm8k-gemma4b-high-r01-ctl-c-x8-v2/formal-retry1-2026-09-02T203250.281373+0000.json
wma-gsm8k-gemma4b-high-r01-ctl-c-x8-v2,c03r07,0.7505686125852918,90789,/home/robtang_google_com/gangda_workspace/agentic-world-model/data/ptb/results/claude_vertex_high_awm_claude-opus-5_1m__10h_gangda_wma_evolve_wma-gsm8k-gemma4b-high-r01-ctl-c-x8-v2_c03r07_formal-retry1_r3/gsm8k_google_gemma-3-4b-pt_90789,/home/robtang_google_com/gangda_workspace/agentic-world-model/experiments/posttrainbench/wma-gsm8k-gemma4b-high-r01-ctl-c-x8-v2.yaml,doc/spec/2026-09-02-wma-round01-online-gsm8k-gemma4b.md,6,0,/home/robtang_google_com/gangda_workspace/agentic-world-model/data/ptb/batches/wma-gsm8k-gemma4b-high-r01-ctl-c-x8-v2/formal-2026-09-02T142822.865161+0000.json | /home/robtang_google_com/gangda_workspace/agentic-world-model/data/ptb/batches/wma-gsm8k-gemma4b-high-r01-ctl-c-x8-v2/formal-retry1-2026-09-02T203250.281373+0000.json
wma-gsm8k-gemma4b-high-r01-ctl-c-x8-v2,c03r08,0.7210007581501138,90790,/home/robtang_google_com/gangda_workspace/agentic-world-model/data/ptb/results/claude_vertex_high_awm_claude-opus-5_1m__10h_gangda_wma_evolve_wma-gsm8k-gemma4b-high-r01-ctl-c-x8-v2_c03r08_formal-retry1_r3/gsm8k_google_gemma-3-4b-pt_90790,/home/robtang_google_com/gangda_workspace/agentic-world-model/experiments/posttrainbench/wma-gsm8k-gemma4b-high-r01-ctl-c-x8-v2.yaml,doc/spec/2026-09-02-wma-round01-online-gsm8k-gemma4b.md,6,0,/home/robtang_google_com/gangda_workspace/agentic-world-model/data/ptb/batches/wma-gsm8k-gemma4b-high-r01-ctl-c-x8-v2/formal-2026-09-02T142822.865161+0000.json | /home/robtang_google_com/gangda_workspace/agentic-world-model/data/ptb/batches/wma-gsm8k-gemma4b-high-r01-ctl-c-x8-v2/formal-retry1-2026-09-02T203250.281373+0000.json
wma-gsm8k-gemma4b-high-r01-ctl-x8-v1,c01r01,0.7884761182714177,90564,/home/robtang_google_com/gangda_workspace/agentic-world-model/data/ptb/results/claude_vertex_high_awm_claude-opus-5_1m__10h_gangda_wma_evolve_wma-gsm8k-gemma4b-high-r01-ctl-x8-v1_c01r01_formal_r1/gsm8k_google_gemma-3-4b-pt_90564,/home/robtang_google_com/gangda_workspace/agentic-world-model/experiments/posttrainbench/wma-gsm8k-gemma4b-high-r01-ctl-x8.yaml,doc/spec/2026-09-02-wma-round01-online-gsm8k-gemma4b.md,9,0,/home/robtang_google_com/gangda_workspace/agentic-world-model/data/ptb/batches/wma-gsm8k-gemma4b-high-r01-ctl-x8-v1/formal-2026-09-02T135737.520994+0000.json
wma-gsm8k-gemma4b-high-r01-ctl-x8-v1,c01r02,0.7217589082638363,90565,/home/robtang_google_com/gangda_workspace/agentic-world-model/data/ptb/results/claude_vertex_high_awm_claude-opus-5_1m__10h_gangda_wma_evolve_wma-gsm8k-gemma4b-high-r01-ctl-x8-v1_c01r02_formal_r1/gsm8k_google_gemma-3-4b-pt_90565,/home/robtang_google_com/gangda_workspace/agentic-world-model/experiments/posttrainbench/wma-gsm8k-gemma4b-high-r01-ctl-x8.yaml,doc/spec/2026-09-02-wma-round01-online-gsm8k-gemma4b.md,6,0,/home/robtang_google_com/gangda_workspace/agentic-world-model/data/ptb/batches/wma-gsm8k-gemma4b-high-r01-ctl-x8-v1/formal-2026-09-02T135737.520994+0000.json
wma-gsm8k-gemma4b-high-r01-ctl-x8-v1,c01r03,0.7134192570128886,90566,/home/robtang_google_com/gangda_workspace/agentic-world-model/data/ptb/results/claude_vertex_high_awm_claude-opus-5_1m__10h_gangda_wma_evolve_wma-gsm8k-gemma4b-high-r01-ctl-x8-v1_c01r03_formal_r1/gsm8k_google_gemma-3-4b-pt_90566,/home/robtang_google_com/gangda_workspace/agentic-world-model/experiments/posttrainbench/wma-gsm8k-gemma4b-high-r01-ctl-x8.yaml,doc/spec/2026-09-02-wma-round01-online-gsm8k-gemma4b.md,6,0,/home/robtang_google_com/gangda_workspace/agentic-world-model/data/ptb/batches/wma-gsm8k-gemma4b-high-r01-ctl-x8-v1/formal-2026-09-02T135737.520994+0000.json
wma-gsm8k-gemma4b-high-r01-ctl-x8-v1,c01r04,0.7202426080363912,90567,/home/robtang_google_com/gangda_workspace/agentic-world-model/data/ptb/results/claude_vertex_high_awm_claude-opus-5_1m__10h_gangda_wma_evolve_wma-gsm8k-gemma4b-high-r01-ctl-x8-v1_c01r04_formal_r1/gsm8k_google_gemma-3-4b-pt_90567,/home/robtang_google_com/gangda_workspace/agentic-world-model/experiments/posttrainbench/wma-gsm8k-gemma4b-high-r01-ctl-x8.yaml,doc/spec/2026-09-02-wma-round01-online-gsm8k-gemma4b.md,8,0,/home/robtang_google_com/gangda_workspace/agentic-world-model/data/ptb/batches/wma-gsm8k-gemma4b-high-r01-ctl-x8-v1/formal-2026-09-02T135737.520994+0000.json
wma-gsm8k-gemma4b-high-r01-ctl-x8-v1,c01r05,0.8157695223654283,90568,/home/robtang_google_com/gangda_workspace/agentic-world-model/data/ptb/results/claude_vertex_high_awm_claude-opus-5_1m__10h_gangda_wma_evolve_wma-gsm8k-gemma4b-high-r01-ctl-x8-v1_c01r05_formal_r1/gsm8k_google_gemma-3-4b-pt_90568,/home/robtang_google_com/gangda_workspace/agentic-world-model/experiments/posttrainbench/wma-gsm8k-gemma4b-high-r01-ctl-x8.yaml,doc/spec/2026-09-02-wma-round01-online-gsm8k-gemma4b.md,7,0,/home/robtang_google_com/gangda_workspace/agentic-world-model/data/ptb/batches/wma-gsm8k-gemma4b-high-r01-ctl-x8-v1/formal-2026-09-02T135737.520994+0000.json
wma-gsm8k-gemma4b-high-r01-ctl-x8-v1,c01r06,0.8081880212282032,90569,/home/robtang_google_com/gangda_workspace/agentic-world-model/data/ptb/results/claude_vertex_high_awm_claude-opus-5_1m__10h_gangda_wma_evolve_wma-gsm8k-gemma4b-high-r01-ctl-x8-v1_c01r06_formal_r1/gsm8k_google_gemma-3-4b-pt_90569,/home/robtang_google_com/gangda_workspace/agentic-world-model/experiments/posttrainbench/wma-gsm8k-gemma4b-high-r01-ctl-x8.yaml,doc/spec/2026-09-02-wma-round01-online-gsm8k-gemma4b.md,5,0,/home/robtang_google_com/gangda_workspace/agentic-world-model/data/ptb/batches/wma-gsm8k-gemma4b-high-r01-ctl-x8-v1/formal-2026-09-02T135737.520994+0000.json
wma-gsm8k-gemma4b-high-r01-ctl-x8-v1,c01r07,0.6808188021228203,90570,/home/robtang_google_com/gangda_workspace/agentic-world-model/data/ptb/results/claude_vertex_high_awm_claude-opus-5_1m__10h_gangda_wma_evolve_wma-gsm8k-gemma4b-high-r01-ctl-x8-v1_c01r07_formal_r1/gsm8k_google_gemma-3-4b-pt_90570,/home/robtang_google_com/gangda_workspace/agentic-world-model/experiments/posttrainbench/wma-gsm8k-gemma4b-high-r01-ctl-x8.yaml,doc/spec/2026-09-02-wma-round01-online-gsm8k-gemma4b.md,5,0,/home/robtang_google_com/gangda_workspace/agentic-world-model/data/ptb/batches/wma-gsm8k-gemma4b-high-r01-ctl-x8-v1/formal-2026-09-02T135737.520994+0000.json
wma-gsm8k-gemma4b-high-r01-ctl-x8-v1,c01r08,0.7695223654283548,90571,/home/robtang_google_com/gangda_workspace/agentic-world-model/data/ptb/results/claude_vertex_high_awm_claude-opus-5_1m__10h_gangda_wma_evolve_wma-gsm8k-gemma4b-high-r01-ctl-x8-v1_c01r08_formal_r1/gsm8k_google_gemma-3-4b-pt_90571,/home/robtang_google_com/gangda_workspace/agentic-world-model/experiments/posttrainbench/wma-gsm8k-gemma4b-high-r01-ctl-x8.yaml,doc/spec/2026-09-02-wma-round01-online-gsm8k-gemma4b.md,8,0,/home/robtang_google_com/gangda_workspace/agentic-world-model/data/ptb/batches/wma-gsm8k-gemma4b-high-r01-ctl-x8-v1/formal-2026-09-02T135737.520994+0000.json
wma-gsm8k-gemma4b-high-r01-wma-b-x8-v2,w02r01,0.7308567096285065,90606,/home/robtang_google_com/gangda_workspace/agentic-world-model/data/ptb/results/claude_vertex_high_awm_claude-opus-5_1m__10h_gangda_wma_evolve_wma-gsm8k-gemma4b-high-r01-wma-b-x8-v2_w02r01_formal_r2/gsm8k_google_gemma-3-4b-pt_90606,/home/robtang_google_com/gangda_workspace/agentic-world-model/experiments/posttrainbench/wma-gsm8k-gemma4b-high-r01-wma-b-x8-v2.yaml,doc/spec/2026-09-02-wma-round01-online-gsm8k-gemma4b.md,8,4,/home/robtang_google_com/gangda_workspace/agentic-world-model/data/ptb/batches/wma-gsm8k-gemma4b-high-r01-wma-b-x8-v2/formal-2026-09-02T142711.672417+0000.json
wma-gsm8k-gemma4b-high-r01-wma-b-x8-v2,w02r02,0.7210007581501138,90607,/home/robtang_google_com/gangda_workspace/agentic-world-model/data/ptb/results/claude_vertex_high_awm_claude-opus-5_1m__10h_gangda_wma_evolve_wma-gsm8k-gemma4b-high-r01-wma-b-x8-v2_w02r02_formal_r2/gsm8k_google_gemma-3-4b-pt_90607,/home/robtang_google_com/gangda_workspace/agentic-world-model/experiments/posttrainbench/wma-gsm8k-gemma4b-high-r01-wma-b-x8-v2.yaml,doc/spec/2026-09-02-wma-round01-online-gsm8k-gemma4b.md,7,4,/home/robtang_google_com/gangda_workspace/agentic-world-model/data/ptb/batches/wma-gsm8k-gemma4b-high-r01-wma-b-x8-v2/formal-2026-09-02T142711.672417+0000.json
wma-gsm8k-gemma4b-high-r01-wma-b-x8-v2,w02r03,0.6808188021228203,90608,/home/robtang_google_com/gangda_workspace/agentic-world-model/data/ptb/results/claude_vertex_high_awm_claude-opus-5_1m__10h_gangda_wma_evolve_wma-gsm8k-gemma4b-high-r01-wma-b-x8-v2_w02r03_formal_r2/gsm8k_google_gemma-3-4b-pt_90608,/home/robtang_google_com/gangda_workspace/agentic-world-model/experiments/posttrainbench/wma-gsm8k-gemma4b-high-r01-wma-b-x8-v2.yaml,doc/spec/2026-09-02-wma-round01-online-gsm8k-gemma4b.md,7,3,/home/robtang_google_com/gangda_workspace/agentic-world-model/data/ptb/batches/wma-gsm8k-gemma4b-high-r01-wma-b-x8-v2/formal-2026-09-02T142711.672417+0000.json
wma-gsm8k-gemma4b-high-r01-wma-b-x8-v2,w02r04,0.6611068991660348,90609,/home/robtang_google_com/gangda_workspace/agentic-world-model/data/ptb/results/claude_vertex_high_awm_claude-opus-5_1m__10h_gangda_wma_evolve_wma-gsm8k-gemma4b-high-r01-wma-b-x8-v2_w02r04_formal_r2/gsm8k_google_gemma-3-4b-pt_90609,/home/robtang_google_com/gangda_workspace/agentic-world-model/experiments/posttrainbench/wma-gsm8k-gemma4b-high-r01-wma-b-x8-v2.yaml,doc/spec/2026-09-02-wma-round01-online-gsm8k-gemma4b.md,8,5,/home/robtang_google_com/gangda_workspace/agentic-world-model/data/ptb/batches/wma-gsm8k-gemma4b-high-r01-wma-b-x8-v2/formal-2026-09-02T142711.672417+0000.json
wma-gsm8k-gemma4b-high-r01-wma-b-x8-v2,w02r05,0.7285822592873389,90610,/home/robtang_google_com/gangda_workspace/agentic-world-model/data/ptb/results/claude_vertex_high_awm_claude-opus-5_1m__10h_gangda_wma_evolve_wma-gsm8k-gemma4b-high-r01-wma-b-x8-v2_w02r05_formal_r2/gsm8k_google_gemma-3-4b-pt_90610,/home/robtang_google_com/gangda_workspace/agentic-world-model/experiments/posttrainbench/wma-gsm8k-gemma4b-high-r01-wma-b-x8-v2.yaml,doc/spec/2026-09-02-wma-round01-online-gsm8k-gemma4b.md,9,3,/home/robtang_google_com/gangda_workspace/agentic-world-model/data/ptb/batches/wma-gsm8k-gemma4b-high-r01-wma-b-x8-v2/formal-2026-09-02T142711.672417+0000.json
wma-gsm8k-gemma4b-high-r01-wma-b-x8-v3,w04r01,0.6679302501895376,90676,/home/robtang_google_com/gangda_workspace/agentic-world-model/data/ptb/results/claude_vertex_high_awm_claude-opus-5_1m__10h_gangda_wma_evolve_wma-gsm8k-gemma4b-high-r01-wma-b-x8-v3_w04r01_formal_r4/gsm8k_google_gemma-3-4b-pt_90676,/home/robtang_google_com/gangda_workspace/agentic-world-model/experiments/posttrainbench/wma-gsm8k-gemma4b-high-r01-wma-b-x8-v3.yaml,doc/spec/2026-09-02-wma-round01-online-gsm8k-gemma4b.md,7,4,/home/robtang_google_com/gangda_workspace/agentic-world-model/data/ptb/batches/wma-gsm8k-gemma4b-high-r01-wma-b-x8-v3/formal-2026-09-02T191938.312190+0000.json
wma-gsm8k-gemma4b-high-r01-wma-b-x8-v3,w04r02,0.7725549658832449,90677,/home/robtang_google_com/gangda_workspace/agentic-world-model/data/ptb/results/claude_vertex_high_awm_claude-opus-5_1m__10h_gangda_wma_evolve_wma-gsm8k-gemma4b-high-r01-wma-b-x8-v3_w04r02_formal_r4/gsm8k_google_gemma-3-4b-pt_90677,/home/robtang_google_com/gangda_workspace/agentic-world-model/experiments/posttrainbench/wma-gsm8k-gemma4b-high-r01-wma-b-x8-v3.yaml,doc/spec/2026-09-02-wma-round01-online-gsm8k-gemma4b.md,9,3,/home/robtang_google_com/gangda_workspace/agentic-world-model/data/ptb/batches/wma-gsm8k-gemma4b-high-r01-wma-b-x8-v3/formal-2026-09-02T191938.312190+0000.json
wma-gsm8k-gemma4b-high-r01-wma-b-x8-v3,w04r03,0.7892342683851402,90678,/home/robtang_google_com/gangda_workspace/agentic-world-model/data/ptb/results/claude_vertex_high_awm_claude-opus-5_1m__10h_gangda_wma_evolve_wma-gsm8k-gemma4b-high-r01-wma-b-x8-v3_w04r03_formal_r4/gsm8k_google_gemma-3-4b-pt_90678,/home/robtang_google_com/gangda_workspace/agentic-world-model/experiments/posttrainbench/wma-gsm8k-gemma4b-high-r01-wma-b-x8-v3.yaml,doc/spec/2026-09-02-wma-round01-online-gsm8k-gemma4b.md,7,6,/home/robtang_google_com/gangda_workspace/agentic-world-model/data/ptb/batches/wma-gsm8k-gemma4b-high-r01-wma-b-x8-v3/formal-2026-09-02T191938.312190+0000.json
wma-gsm8k-gemma4b-high-r01-wma-b-x8-v3,w04r04,0.7429871114480667,90679,/home/robtang_google_com/gangda_workspace/agentic-world-model/data/ptb/results/claude_vertex_high_awm_claude-opus-5_1m__10h_gangda_wma_evolve_wma-gsm8k-gemma4b-high-r01-wma-b-x8-v3_w04r04_formal_r4/gsm8k_google_gemma-3-4b-pt_90679,/home/robtang_google_com/gangda_workspace/agentic-world-model/experiments/posttrainbench/wma-gsm8k-gemma4b-high-r01-wma-b-x8-v3.yaml,doc/spec/2026-09-02-wma-round01-online-gsm8k-gemma4b.md,7,3,/home/robtang_google_com/gangda_workspace/agentic-world-model/data/ptb/batches/wma-gsm8k-gemma4b-high-r01-wma-b-x8-v3/formal-2026-09-02T191938.312190+0000.json
wma-gsm8k-gemma4b-high-r01-wma-b-x8-v3,w04r05,0.6921910538286581,90680,/home/robtang_google_com/gangda_workspace/agentic-world-model/data/ptb/results/claude_vertex_high_awm_claude-opus-5_1m__10h_gangda_wma_evolve_wma-gsm8k-gemma4b-high-r01-wma-b-x8-v3_w04r05_formal_r4/gsm8k_google_gemma-3-4b-pt_90680,/home/robtang_google_com/gangda_workspace/agentic-world-model/experiments/posttrainbench/wma-gsm8k-gemma4b-high-r01-wma-b-x8-v3.yaml,doc/spec/2026-09-02-wma-round01-online-gsm8k-gemma4b.md,8,3,/home/robtang_google_com/gangda_workspace/agentic-world-model/data/ptb/batches/wma-gsm8k-gemma4b-high-r01-wma-b-x8-v3/formal-2026-09-02T191938.312190+0000.json
wma-gsm8k-gemma4b-high-r01-wma-c-x8-v2,w03r04,0.6876421531463229,90625,/home/robtang_google_com/gangda_workspace/agentic-world-model/data/ptb/results/claude_vertex_high_awm_claude-opus-5_1m__10h_gangda_wma_evolve_wma-gsm8k-gemma4b-high-r01-wma-c-x8-v2_w03r04_formal_r3/gsm8k_google_gemma-3-4b-pt_90625,/home/robtang_google_com/gangda_workspace/agentic-world-model/experiments/posttrainbench/wma-gsm8k-gemma4b-high-r01-wma-c-x8-v2.yaml,doc/spec/2026-09-02-wma-round01-online-gsm8k-gemma4b.md,8,4,/home/robtang_google_com/gangda_workspace/agentic-world-model/data/ptb/batches/wma-gsm8k-gemma4b-high-r01-wma-c-x8-v2/formal-2026-09-02T142759.525478+0000.json
wma-gsm8k-gemma4b-high-r01-wma-x8-v1,w01r01,0.7854435178165277,90556,/home/robtang_google_com/gangda_workspace/agentic-world-model/data/ptb/results/claude_vertex_high_awm_claude-opus-5_1m__10h_gangda_wma_evolve_wma-gsm8k-gemma4b-high-r01-wma-x8-v1_w01r01_formal_r1/gsm8k_google_gemma-3-4b-pt_90556,/home/robtang_google_com/gangda_workspace/agentic-world-model/experiments/posttrainbench/wma-gsm8k-gemma4b-high-r01-wma-x8.yaml,doc/spec/2026-09-02-wma-round01-online-gsm8k-gemma4b.md,7,4,/home/robtang_google_com/gangda_workspace/agentic-world-model/data/ptb/batches/wma-gsm8k-gemma4b-high-r01-wma-x8-v1/formal-2026-09-02T135535.899465+0000.json
wma-gsm8k-gemma4b-high-r01-wma-x8-v1,w01r02,0.7520849128127369,90557,/home/robtang_google_com/gangda_workspace/agentic-world-model/data/ptb/results/claude_vertex_high_awm_claude-opus-5_1m__10h_gangda_wma_evolve_wma-gsm8k-gemma4b-high-r01-wma-x8-v1_w01r02_formal_r1/gsm8k_google_gemma-3-4b-pt_90557,/home/robtang_google_com/gangda_workspace/agentic-world-model/experiments/posttrainbench/wma-gsm8k-gemma4b-high-r01-wma-x8.yaml,doc/spec/2026-09-02-wma-round01-online-gsm8k-gemma4b.md,8,2,/home/robtang_google_com/gangda_workspace/agentic-world-model/data/ptb/batches/wma-gsm8k-gemma4b-high-r01-wma-x8-v1/formal-2026-09-02T135535.899465+0000.json
wma-gsm8k-gemma4b-high-r01-wma-x8-v1,w01r03,0.7338893100833965,90558,/home/robtang_google_com/gangda_workspace/agentic-world-model/data/ptb/results/claude_vertex_high_awm_claude-opus-5_1m__10h_gangda_wma_evolve_wma-gsm8k-gemma4b-high-r01-wma-x8-v1_w01r03_formal_r1/gsm8k_google_gemma-3-4b-pt_90558,/home/robtang_google_com/gangda_workspace/agentic-world-model/experiments/posttrainbench/wma-gsm8k-gemma4b-high-r01-wma-x8.yaml,doc/spec/2026-09-02-wma-round01-online-gsm8k-gemma4b.md,7,3,/home/robtang_google_com/gangda_workspace/agentic-world-model/data/ptb/batches/wma-gsm8k-gemma4b-high-r01-wma-x8-v1/formal-2026-09-02T135535.899465+0000.json
wma-gsm8k-gemma4b-high-r01-wma-x8-v1,w01r04,0.7460197119029568,90559,/home/robtang_google_com/gangda_workspace/agentic-world-model/data/ptb/results/claude_vertex_high_awm_claude-opus-5_1m__10h_gangda_wma_evolve_wma-gsm8k-gemma4b-high-r01-wma-x8-v1_w01r04_formal_r1/gsm8k_google_gemma-3-4b-pt_90559,/home/robtang_google_com/gangda_workspace/agentic-world-model/experiments/posttrainbench/wma-gsm8k-gemma4b-high-r01-wma-x8.yaml,doc/spec/2026-09-02-wma-round01-online-gsm8k-gemma4b.md,6,3,/home/robtang_google_com/gangda_workspace/agentic-world-model/data/ptb/batches/wma-gsm8k-gemma4b-high-r01-wma-x8-v1/formal-2026-09-02T135535.899465+0000.json
wma-gsm8k-gemma4b-high-r01-wma-x8-v1,w01r05,0.7975739196360879,90560,/home/robtang_google_com/gangda_workspace/agentic-world-model/data/ptb/results/claude_vertex_high_awm_claude-opus-5_1m__10h_gangda_wma_evolve_wma-gsm8k-gemma4b-high-r01-wma-x8-v1_w01r05_formal_r1/gsm8k_google_gemma-3-4b-pt_90560,/home/robtang_google_com/gangda_workspace/agentic-world-model/experiments/posttrainbench/wma-gsm8k-gemma4b-high-r01-wma-x8.yaml,doc/spec/2026-09-02-wma-round01-online-gsm8k-gemma4b.md,6,4,/home/robtang_google_com/gangda_workspace/agentic-world-model/data/ptb/batches/wma-gsm8k-gemma4b-high-r01-wma-x8-v1/formal-2026-09-02T135535.899465+0000.json
wma-gsm8k-gemma4b-high-r01-wma-x8-v1,w01r06,0.7285822592873389,90561,/home/robtang_google_com/gangda_workspace/agentic-world-model/data/ptb/results/claude_vertex_high_awm_claude-opus-5_1m__10h_gangda_wma_evolve_wma-gsm8k-gemma4b-high-r01-wma-x8-v1_w01r06_formal_r1/gsm8k_google_gemma-3-4b-pt_90561,/home/robtang_google_com/gangda_workspace/agentic-world-model/experiments/posttrainbench/wma-gsm8k-gemma4b-high-r01-wma-x8.yaml,doc/spec/2026-09-02-wma-round01-online-gsm8k-gemma4b.md,9,0,/home/robtang_google_com/gangda_workspace/agentic-world-model/data/ptb/batches/wma-gsm8k-gemma4b-high-r01-wma-x8-v1/formal-2026-09-02T135535.899465+0000.json
wma-gsm8k-gemma4b-high-r01-wma-x8-v1,w01r07,0.7164518574677786,90562,/home/robtang_google_com/gangda_workspace/agentic-world-model/data/ptb/results/claude_vertex_high_awm_claude-opus-5_1m__10h_gangda_wma_evolve_wma-gsm8k-gemma4b-high-r01-wma-x8-v1_w01r07_formal_r1/gsm8k_google_gemma-3-4b-pt_90562,/home/robtang_google_com/gangda_workspace/agentic-world-model/experiments/posttrainbench/wma-gsm8k-gemma4b-high-r01-wma-x8.yaml,doc/spec/2026-09-02-wma-round01-online-gsm8k-gemma4b.md,10,4,/home/robtang_google_com/gangda_workspace/agentic-world-model/data/ptb/batches/wma-gsm8k-gemma4b-high-r01-wma-x8-v1/formal-2026-09-02T135535.899465+0000.json
wma-gsm8k-gemma4b-high-r01-wma-x8-v1,w01r08,0.7922668688400303,90563,/home/robtang_google_com/gangda_workspace/agentic-world-model/data/ptb/results/claude_vertex_high_awm_claude-opus-5_1m__10h_gangda_wma_evolve_wma-gsm8k-gemma4b-high-r01-wma-x8-v1_w01r08_formal_r1/gsm8k_google_gemma-3-4b-pt_90563,/home/robtang_google_com/gangda_workspace/agentic-world-model/experiments/posttrainbench/wma-gsm8k-gemma4b-high-r01-wma-x8.yaml,doc/spec/2026-09-02-wma-round01-online-gsm8k-gemma4b.md,6,2,/home/robtang_google_com/gangda_workspace/agentic-world-model/data/ptb/batches/wma-gsm8k-gemma4b-high-r01-wma-x8-v1/formal-2026-09-02T135535.899465+0000.json
wma-gsm8k-gemma4b-high-r02-a-format-floor-x4-v2,w06r01,0.6921910538286581,91002,/home/robtang_google_com/gangda_workspace/agentic-world-model/data/ptb/results/claude_vertex_high_awm_claude-opus-5_1m__10h_gangda_wma_evolve_wma-gsm8k-gemma4b-high-r02-a-format-floor-x4-v2_w06r01_formal_r6/gsm8k_google_gemma-3-4b-pt_91002,/home/robtang_google_com/gangda_workspace/agentic-world-model/experiments/posttrainbench/wma-gsm8k-gemma4b-high-r02-a-format-floor-x4-v2.yaml,doc/spec/2026-09-02-wma-round01-online-gsm8k-gemma4b.md,7,7,/home/robtang_google_com/gangda_workspace/agentic-world-model/data/ptb/batches/wma-gsm8k-gemma4b-high-r02-a-format-floor-x4-v2/formal-2026-09-03T015003.938355+0000.json
wma-gsm8k-gemma4b-high-r02-a-format-floor-x4-v2,w06r02,0.7020470053070508,91003,/home/robtang_google_com/gangda_workspace/agentic-world-model/data/ptb/results/claude_vertex_high_awm_claude-opus-5_1m__10h_gangda_wma_evolve_wma-gsm8k-gemma4b-high-r02-a-format-floor-x4-v2_w06r02_formal_r6/gsm8k_google_gemma-3-4b-pt_91003,/home/robtang_google_com/gangda_workspace/agentic-world-model/experiments/posttrainbench/wma-gsm8k-gemma4b-high-r02-a-format-floor-x4-v2.yaml,doc/spec/2026-09-02-wma-round01-online-gsm8k-gemma4b.md,10,10,/home/robtang_google_com/gangda_workspace/agentic-world-model/data/ptb/batches/wma-gsm8k-gemma4b-high-r02-a-format-floor-x4-v2/formal-2026-09-03T015003.938355+0000.json
wma-gsm8k-gemma4b-high-r02-a-format-floor-x4-v2,w06r03,0.7172100075815011,91004,/home/robtang_google_com/gangda_workspace/agentic-world-model/data/ptb/results/claude_vertex_high_awm_claude-opus-5_1m__10h_gangda_wma_evolve_wma-gsm8k-gemma4b-high-r02-a-format-floor-x4-v2_w06r03_formal_r6/gsm8k_google_gemma-3-4b-pt_91004,/home/robtang_google_com/gangda_workspace/agentic-world-model/experiments/posttrainbench/wma-gsm8k-gemma4b-high-r02-a-format-floor-x4-v2.yaml,doc/spec/2026-09-02-wma-round01-online-gsm8k-gemma4b.md,6,6,/home/robtang_google_com/gangda_workspace/agentic-world-model/data/ptb/batches/wma-gsm8k-gemma4b-high-r02-a-format-floor-x4-v2/formal-2026-09-03T015003.938355+0000.json
wma-gsm8k-gemma4b-high-r02-a-format-floor-x4-v2,w06r04,0.6520090978013646,91005,/home/robtang_google_com/gangda_workspace/agentic-world-model/data/ptb/results/claude_vertex_high_awm_claude-opus-5_1m__10h_gangda_wma_evolve_wma-gsm8k-gemma4b-high-r02-a-format-floor-x4-v2_w06r04_formal_r6/gsm8k_google_gemma-3-4b-pt_91005,/home/robtang_google_com/gangda_workspace/agentic-world-model/experiments/posttrainbench/wma-gsm8k-gemma4b-high-r02-a-format-floor-x4-v2.yaml,doc/spec/2026-09-02-wma-round01-online-gsm8k-gemma4b.md,6,6,/home/robtang_google_com/gangda_workspace/agentic-world-model/data/ptb/batches/wma-gsm8k-gemma4b-high-r02-a-format-floor-x4-v2/formal-2026-09-03T015003.938355+0000.json
wma-gsm8k-gemma4b-high-r02-ab-format-floor-width-x4-v2,w07r01,0.7278241091736164,91007,/home/robtang_google_com/gangda_workspace/agentic-world-model/data/ptb/results/claude_vertex_high_awm_claude-opus-5_1m__10h_gangda_wma_evolve_wma-gsm8k-gemma4b-high-r02-ab-format-floor-width-x4-v2_w07r01_formal_r7/gsm8k_google_gemma-3-4b-pt_91007,/home/robtang_google_com/gangda_workspace/agentic-world-model/experiments/posttrainbench/wma-gsm8k-gemma4b-high-r02-ab-format-floor-width-x4-v2.yaml,doc/spec/2026-09-02-wma-round01-online-gsm8k-gemma4b.md,6,6,/home/robtang_google_com/gangda_workspace/agentic-world-model/data/ptb/batches/wma-gsm8k-gemma4b-high-r02-ab-format-floor-width-x4-v2/formal-2026-09-03T015026.679241+0000.json
wma-gsm8k-gemma4b-high-r02-ab-format-floor-width-x4-v2,w07r02,0.7293404094010614,91008,/home/robtang_google_com/gangda_workspace/agentic-world-model/data/ptb/results/claude_vertex_high_awm_claude-opus-5_1m__10h_gangda_wma_evolve_wma-gsm8k-gemma4b-high-r02-ab-format-floor-width-x4-v2_w07r02_formal_r7/gsm8k_google_gemma-3-4b-pt_91008,/home/robtang_google_com/gangda_workspace/agentic-world-model/experiments/posttrainbench/wma-gsm8k-gemma4b-high-r02-ab-format-floor-width-x4-v2.yaml,doc/spec/2026-09-02-wma-round01-online-gsm8k-gemma4b.md,5,5,/home/robtang_google_com/gangda_workspace/agentic-world-model/data/ptb/batches/wma-gsm8k-gemma4b-high-r02-ab-format-floor-width-x4-v2/formal-2026-09-03T015026.679241+0000.json
wma-gsm8k-gemma4b-high-r02-ab-format-floor-width-x4-v2,w07r03,0.714177407126611,91009,/home/robtang_google_com/gangda_workspace/agentic-world-model/data/ptb/results/claude_vertex_high_awm_claude-opus-5_1m__10h_gangda_wma_evolve_wma-gsm8k-gemma4b-high-r02-ab-format-floor-width-x4-v2_w07r03_formal_r7/gsm8k_google_gemma-3-4b-pt_91009,/home/robtang_google_com/gangda_workspace/agentic-world-model/experiments/posttrainbench/wma-gsm8k-gemma4b-high-r02-ab-format-floor-width-x4-v2.yaml,doc/spec/2026-09-02-wma-round01-online-gsm8k-gemma4b.md,5,5,/home/robtang_google_com/gangda_workspace/agentic-world-model/data/ptb/batches/wma-gsm8k-gemma4b-high-r02-ab-format-floor-width-x4-v2/formal-2026-09-03T015026.679241+0000.json
wma-gsm8k-gemma4b-high-r02-ab-format-floor-width-x4-v2,w07r04,0.6997725549658832,91010,/home/robtang_google_com/gangda_workspace/agentic-world-model/data/ptb/results/claude_vertex_high_awm_claude-opus-5_1m__10h_gangda_wma_evolve_wma-gsm8k-gemma4b-high-r02-ab-format-floor-width-x4-v2_w07r04_formal_r7/gsm8k_google_gemma-3-4b-pt_91010,/home/robtang_google_com/gangda_workspace/agentic-world-model/experiments/posttrainbench/wma-gsm8k-gemma4b-high-r02-ab-format-floor-width-x4-v2.yaml,doc/spec/2026-09-02-wma-round01-online-gsm8k-gemma4b.md,7,7,/home/robtang_google_com/gangda_workspace/agentic-world-model/data/ptb/batches/wma-gsm8k-gemma4b-high-r02-ab-format-floor-width-x4-v2/formal-2026-09-03T015026.679241+0000.json
wma-gsm8k-gemma4b-high-r02-c-probe-before-fail-x4-v2,w08r01,0.7323730098559514,91014,/home/robtang_google_com/gangda_workspace/agentic-world-model/data/ptb/results/claude_vertex_high_awm_claude-opus-5_1m__10h_gangda_wma_evolve_wma-gsm8k-gemma4b-high-r02-c-probe-before-fail-x4-v2_w08r01_formal_r8/gsm8k_google_gemma-3-4b-pt_91014,/home/robtang_google_com/gangda_workspace/agentic-world-model/experiments/posttrainbench/wma-gsm8k-gemma4b-high-r02-c-probe-before-fail-x4-v2.yaml,doc/spec/2026-09-02-wma-round01-online-gsm8k-gemma4b.md,7,7,/home/robtang_google_com/gangda_workspace/agentic-world-model/data/ptb/batches/wma-gsm8k-gemma4b-high-r02-c-probe-before-fail-x4-v2/formal-2026-09-03T015049.215513+0000.json
wma-gsm8k-gemma4b-high-r02-c-probe-before-fail-x4-v2,w08r02,0.6982562547384382,91021,/home/robtang_google_com/gangda_workspace/agentic-world-model/data/ptb/results/claude_vertex_high_awm_claude-opus-5_1m__10h_gangda_wma_evolve_wma-gsm8k-gemma4b-high-r02-c-probe-before-fail-x4-v2_w08r02_formal_r8/gsm8k_google_gemma-3-4b-pt_91021,/home/robtang_google_com/gangda_workspace/agentic-world-model/experiments/posttrainbench/wma-gsm8k-gemma4b-high-r02-c-probe-before-fail-x4-v2.yaml,doc/spec/2026-09-02-wma-round01-online-gsm8k-gemma4b.md,8,8,/home/robtang_google_com/gangda_workspace/agentic-world-model/data/ptb/batches/wma-gsm8k-gemma4b-high-r02-c-probe-before-fail-x4-v2/formal-2026-09-03T015049.215513+0000.json
wma-gsm8k-gemma4b-high-r02-c-probe-before-fail-x4-v2,w08r03,0.6474601971190296,91022,/home/robtang_google_com/gangda_workspace/agentic-world-model/data/ptb/results/claude_vertex_high_awm_claude-opus-5_1m__10h_gangda_wma_evolve_wma-gsm8k-gemma4b-high-r02-c-probe-before-fail-x4-v2_w08r03_formal_r8/gsm8k_google_gemma-3-4b-pt_91022,/home/robtang_google_com/gangda_workspace/agentic-world-model/experiments/posttrainbench/wma-gsm8k-gemma4b-high-r02-c-probe-before-fail-x4-v2.yaml,doc/spec/2026-09-02-wma-round01-online-gsm8k-gemma4b.md,7,7,/home/robtang_google_com/gangda_workspace/agentic-world-model/data/ptb/batches/wma-gsm8k-gemma4b-high-r02-c-probe-before-fail-x4-v2/formal-2026-09-03T015049.215513+0000.json
wma-gsm8k-gemma4b-high-r02-c-probe-before-fail-x4-v2,w08r04,0.7937831690674754,91023,/home/robtang_google_com/gangda_workspace/agentic-world-model/data/ptb/results/claude_vertex_high_awm_claude-opus-5_1m__10h_gangda_wma_evolve_wma-gsm8k-gemma4b-high-r02-c-probe-before-fail-x4-v2_w08r04_formal_r8/gsm8k_google_gemma-3-4b-pt_91023,/home/robtang_google_com/gangda_workspace/agentic-world-model/experiments/posttrainbench/wma-gsm8k-gemma4b-high-r02-c-probe-before-fail-x4-v2.yaml,doc/spec/2026-09-02-wma-round01-online-gsm8k-gemma4b.md,10,10,/home/robtang_google_com/gangda_workspace/agentic-world-model/data/ptb/batches/wma-gsm8k-gemma4b-high-r02-c-probe-before-fail-x4-v2/formal-2026-09-03T015049.215513+0000.json
wma-gsm8k-gemma4b-high-r02-ctl-x4-v2,c10r01,0.8150113722517058,90998,/home/robtang_google_com/gangda_workspace/agentic-world-model/data/ptb/results/claude_vertex_high_awm_claude-opus-5_1m__10h_gangda_wma_evolve_wma-gsm8k-gemma4b-high-r02-ctl-x4-v2_c10r01_formal_r10/gsm8k_google_gemma-3-4b-pt_90998,/home/robtang_google_com/gangda_workspace/agentic-world-model/experiments/posttrainbench/wma-gsm8k-gemma4b-high-r02-ctl-x4-v2.yaml,doc/spec/2026-09-02-wma-round01-online-gsm8k-gemma4b.md,7,0,/home/robtang_google_com/gangda_workspace/agentic-world-model/data/ptb/batches/wma-gsm8k-gemma4b-high-r02-ctl-x4-v2/formal-2026-09-03T014940.966939+0000.json
wma-gsm8k-gemma4b-high-r02-ctl-x4-v2,c10r02,0.7672479150871873,90999,/home/robtang_google_com/gangda_workspace/agentic-world-model/data/ptb/results/claude_vertex_high_awm_claude-opus-5_1m__10h_gangda_wma_evolve_wma-gsm8k-gemma4b-high-r02-ctl-x4-v2_c10r02_formal_r10/gsm8k_google_gemma-3-4b-pt_90999,/home/robtang_google_com/gangda_workspace/agentic-world-model/experiments/posttrainbench/wma-gsm8k-gemma4b-high-r02-ctl-x4-v2.yaml,doc/spec/2026-09-02-wma-round01-online-gsm8k-gemma4b.md,8,0,/home/robtang_google_com/gangda_workspace/agentic-world-model/data/ptb/batches/wma-gsm8k-gemma4b-high-r02-ctl-x4-v2/formal-2026-09-03T014940.966939+0000.json
wma-gsm8k-gemma4b-high-r02-ctl-x4-v2,c10r03,0.7020470053070508,91000,/home/robtang_google_com/gangda_workspace/agentic-world-model/data/ptb/results/claude_vertex_high_awm_claude-opus-5_1m__10h_gangda_wma_evolve_wma-gsm8k-gemma4b-high-r02-ctl-x4-v2_c10r03_formal_r10/gsm8k_google_gemma-3-4b-pt_91000,/home/robtang_google_com/gangda_workspace/agentic-world-model/experiments/posttrainbench/wma-gsm8k-gemma4b-high-r02-ctl-x4-v2.yaml,doc/spec/2026-09-02-wma-round01-online-gsm8k-gemma4b.md,7,0,/home/robtang_google_com/gangda_workspace/agentic-world-model/data/ptb/batches/wma-gsm8k-gemma4b-high-r02-ctl-x4-v2/formal-2026-09-03T014940.966939+0000.json
wma-gsm8k-gemma4b-high-r02-ctl-x4-v2,c10r04,0.6876421531463229,91001,/home/robtang_google_com/gangda_workspace/agentic-world-model/data/ptb/results/claude_vertex_high_awm_claude-opus-5_1m__10h_gangda_wma_evolve_wma-gsm8k-gemma4b-high-r02-ctl-x4-v2_c10r04_formal_r10/gsm8k_google_gemma-3-4b-pt_91001,/home/robtang_google_com/gangda_workspace/agentic-world-model/experiments/posttrainbench/wma-gsm8k-gemma4b-high-r02-ctl-x4-v2.yaml,doc/spec/2026-09-02-wma-round01-online-gsm8k-gemma4b.md,7,0,/home/robtang_google_com/gangda_workspace/agentic-world-model/data/ptb/batches/wma-gsm8k-gemma4b-high-r02-ctl-x4-v2/formal-2026-09-03T014940.966939+0000.json
wma-gsm8k-gemma4b-high-r02-d-checkpoint-precondition-x4-v2,w09r01,0.7657316148597423,91024,/home/robtang_google_com/gangda_workspace/agentic-world-model/data/ptb/results/claude_vertex_high_awm_claude-opus-5_1m__10h_gangda_wma_evolve_wma-gsm8k-gemma4b-high-r02-d-checkpoint-precondition-x4-v2_w09r01_formal_r9/gsm8k_google_gemma-3-4b-pt_91024,/home/robtang_google_com/gangda_workspace/agentic-world-model/experiments/posttrainbench/wma-gsm8k-gemma4b-high-r02-d-checkpoint-precondition-x4-v2.yaml,doc/spec/2026-09-02-wma-round01-online-gsm8k-gemma4b.md,6,6,/home/robtang_google_com/gangda_workspace/agentic-world-model/data/ptb/batches/wma-gsm8k-gemma4b-high-r02-d-checkpoint-precondition-x4-v2/formal-2026-09-03T015112.001284+0000.json
wma-gsm8k-gemma4b-high-r02-d-checkpoint-precondition-x4-v2,w09r02,0.7445034116755117,91025,/home/robtang_google_com/gangda_workspace/agentic-world-model/data/ptb/results/claude_vertex_high_awm_claude-opus-5_1m__10h_gangda_wma_evolve_wma-gsm8k-gemma4b-high-r02-d-checkpoint-precondition-x4-v2_w09r02_formal_r9/gsm8k_google_gemma-3-4b-pt_91025,/home/robtang_google_com/gangda_workspace/agentic-world-model/experiments/posttrainbench/wma-gsm8k-gemma4b-high-r02-d-checkpoint-precondition-x4-v2.yaml,doc/spec/2026-09-02-wma-round01-online-gsm8k-gemma4b.md,6,6,/home/robtang_google_com/gangda_workspace/agentic-world-model/data/ptb/batches/wma-gsm8k-gemma4b-high-r02-d-checkpoint-precondition-x4-v2/formal-2026-09-03T015112.001284+0000.json
wma-gsm8k-gemma4b-high-r02-d-checkpoint-precondition-x4-v2,w09r03,0.6884003032600455,91026,/home/robtang_google_com/gangda_workspace/agentic-world-model/data/ptb/results/claude_vertex_high_awm_claude-opus-5_1m__10h_gangda_wma_evolve_wma-gsm8k-gemma4b-high-r02-d-checkpoint-precondition-x4-v2_w09r03_formal_r9/gsm8k_google_gemma-3-4b-pt_91026,/home/robtang_google_com/gangda_workspace/agentic-world-model/experiments/posttrainbench/wma-gsm8k-gemma4b-high-r02-d-checkpoint-precondition-x4-v2.yaml,doc/spec/2026-09-02-wma-round01-online-gsm8k-gemma4b.md,8,8,/home/robtang_google_com/gangda_workspace/agentic-world-model/data/ptb/batches/wma-gsm8k-gemma4b-high-r02-d-checkpoint-precondition-x4-v2/formal-2026-09-03T015112.001284+0000.json
wma-gsm8k-gemma4b-high-r02-v02-baseline-x4-v2,w10r01,0.6944655041698257,90982,/home/robtang_google_com/gangda_workspace/agentic-world-model/data/ptb/results/claude_vertex_high_awm_claude-opus-5_1m__10h_gangda_wma_evolve_wma-gsm8k-gemma4b-high-r02-v02-baseline-x4-v2_w10r01_formal_r10/gsm8k_google_gemma-3-4b-pt_90982,/home/robtang_google_com/gangda_workspace/agentic-world-model/experiments/posttrainbench/wma-gsm8k-gemma4b-high-r02-v02-baseline-x4-v2.yaml,doc/spec/2026-09-02-wma-round01-online-gsm8k-gemma4b.md,8,8,/home/robtang_google_com/gangda_workspace/agentic-world-model/data/ptb/batches/wma-gsm8k-gemma4b-high-r02-v02-baseline-x4-v2/formal-2026-09-03T014918.962581+0000.json
wma-gsm8k-gemma4b-high-r02-v02-baseline-x4-v2,w10r02,0.7172100075815011,90983,/home/robtang_google_com/gangda_workspace/agentic-world-model/data/ptb/results/claude_vertex_high_awm_claude-opus-5_1m__10h_gangda_wma_evolve_wma-gsm8k-gemma4b-high-r02-v02-baseline-x4-v2_w10r02_formal_r10/gsm8k_google_gemma-3-4b-pt_90983,/home/robtang_google_com/gangda_workspace/agentic-world-model/experiments/posttrainbench/wma-gsm8k-gemma4b-high-r02-v02-baseline-x4-v2.yaml,doc/spec/2026-09-02-wma-round01-online-gsm8k-gemma4b.md,7,7,/home/robtang_google_com/gangda_workspace/agentic-world-model/data/ptb/batches/wma-gsm8k-gemma4b-high-r02-v02-baseline-x4-v2/formal-2026-09-03T014918.962581+0000.json
wma-gsm8k-gemma4b-high-r02-v02-baseline-x4-v2,w10r03,0.7194844579226687,90984,/home/robtang_google_com/gangda_workspace/agentic-world-model/data/ptb/results/claude_vertex_high_awm_claude-opus-5_1m__10h_gangda_wma_evolve_wma-gsm8k-gemma4b-high-r02-v02-baseline-x4-v2_w10r03_formal_r10/gsm8k_google_gemma-3-4b-pt_90984,/home/robtang_google_com/gangda_workspace/agentic-world-model/experiments/posttrainbench/wma-gsm8k-gemma4b-high-r02-v02-baseline-x4-v2.yaml,doc/spec/2026-09-02-wma-round01-online-gsm8k-gemma4b.md,9,9,/home/robtang_google_com/gangda_workspace/agentic-world-model/data/ptb/batches/wma-gsm8k-gemma4b-high-r02-v02-baseline-x4-v2/formal-2026-09-03T014918.962581+0000.json
wma-gsm8k-gemma4b-high-r02-v02-baseline-x4-v2,w10r04,0.7225170583775588,90985,/home/robtang_google_com/gangda_workspace/agentic-world-model/data/ptb/results/claude_vertex_high_awm_claude-opus-5_1m__10h_gangda_wma_evolve_wma-gsm8k-gemma4b-high-r02-v02-baseline-x4-v2_w10r04_formal_r10/gsm8k_google_gemma-3-4b-pt_90985,/home/robtang_google_com/gangda_workspace/agentic-world-model/experiments/posttrainbench/wma-gsm8k-gemma4b-high-r02-v02-baseline-x4-v2.yaml,doc/spec/2026-09-02-wma-round01-online-gsm8k-gemma4b.md,6,6,/home/robtang_google_com/gangda_workspace/agentic-world-model/data/ptb/batches/wma-gsm8k-gemma4b-high-r02-v02-baseline-x4-v2/formal-2026-09-03T014918.962581+0000.json
