cell	created	model	status	actual_n	completed_n	scored_n	correct	accuracy	max_tokens	max_connections	gpu_memory_utilization	sha256	path
c01s04	2026-09-03T18:34:28+00:00	vllm//home/ben/hf_cache/hub/models--google--gemma-3-4b-pt/snapshots/cc012e0a6d0787b4adcc0fa2c4da74402494554d	success	150	150	150	4	0.02666666666666667	4000	16	0.3	7774ae19ab8cbd38502ae0dd7ea2eddcdd5f4a315ce39e7fdf3738df49f7983d	/home/robtang_google_com/gangda_workspace/agentic-world-model-gangda-exp-protocol-evolve/data/ptb/results/claude_vertex_high_awm_claude-opus-5_1m__10h_gangda_exp_protocol_evolve_exp-protocol-gsm8k-gemma4b-high-r00-nullctl-strict-x8-v1_c01s04_formal_r4/gsm8k_google_gemma-3-4b-pt_90816/task/logs/2026-09-03T18-34-28+00-00_gsm8k_QaLyqq5dNfcTm856wbbzdH.json
c01s04	2026-09-03T20:16:31+00:00	vllm/runs/sft_a	success	200	200	200	101	0.505	4000	32	0.85	2d295894a3798518a0e7ed799aca7cc8bd738b87434c1fe094aae5bc840dd930	/home/robtang_google_com/gangda_workspace/agentic-world-model-gangda-exp-protocol-evolve/data/ptb/results/claude_vertex_high_awm_claude-opus-5_1m__10h_gangda_exp_protocol_evolve_exp-protocol-gsm8k-gemma4b-high-r00-nullctl-strict-x8-v1_c01s04_formal_r4/gsm8k_google_gemma-3-4b-pt_90816/task/logs/2026-09-03T20-16-31+00-00_gsm8k_D9z747Y72G2DbCSmtWh2zh.json
c01s04	2026-09-03T20:18:18+00:00	vllm/runs/sft_a_greedy	success	200	200	200	128	0.64	4000	32	0.85	7d6c48f46e4565ce29613543e409c0af852d641aa4b6ee2f7dfe4c8ac4f7991a	/home/robtang_google_com/gangda_workspace/agentic-world-model-gangda-exp-protocol-evolve/data/ptb/results/claude_vertex_high_awm_claude-opus-5_1m__10h_gangda_exp_protocol_evolve_exp-protocol-gsm8k-gemma4b-high-r00-nullctl-strict-x8-v1_c01s04_formal_r4/gsm8k_google_gemma-3-4b-pt_90816/task/logs/2026-09-03T20-18-18+00-00_gsm8k_d8jZP9u98hXCQKzdSWfA8y.json
c01s04	2026-09-03T23:59:18+00:00	vllm/runs/eval_g160	success	200	200	200	150	0.75	4000	32	0.85	992f25ddde706afba0a0a30058c52dedcf43dc33d456fe3ff8d66607a3a332aa	/home/robtang_google_com/gangda_workspace/agentic-world-model-gangda-exp-protocol-evolve/data/ptb/results/claude_vertex_high_awm_claude-opus-5_1m__10h_gangda_exp_protocol_evolve_exp-protocol-gsm8k-gemma4b-high-r00-nullctl-strict-x8-v1_c01s04_formal_r4/gsm8k_google_gemma-3-4b-pt_90816/task/logs/2026-09-03T23-59-18+00-00_gsm8k_9ygtjHggGJgRRmswSb9qpd.json
c01s04	2026-09-04T00:01:38+00:00	vllm/runs/eval_g240	success	200	200	200	145	0.725	4000	32	0.85	6b0c4ba5b454114dfdea04d4dee77df66d64e1e0ed4e37e948bdff432b20bced	/home/robtang_google_com/gangda_workspace/agentic-world-model-gangda-exp-protocol-evolve/data/ptb/results/claude_vertex_high_awm_claude-opus-5_1m__10h_gangda_exp_protocol_evolve_exp-protocol-gsm8k-gemma4b-high-r00-nullctl-strict-x8-v1_c01s04_formal_r4/gsm8k_google_gemma-3-4b-pt_90816/task/logs/2026-09-04T00-01-38+00-00_gsm8k_FoQAcu3L4FmBpcmWPkUHUp.json
c01s04	2026-09-04T00:03:53+00:00	vllm/runs/eval_g330	success	200	200	200	147	0.735	4000	32	0.85	cc2ebec91f585cacd59db5ba56d4d1246692d02e9ebf195e3253c93bb69ea13b	/home/robtang_google_com/gangda_workspace/agentic-world-model-gangda-exp-protocol-evolve/data/ptb/results/claude_vertex_high_awm_claude-opus-5_1m__10h_gangda_exp_protocol_evolve_exp-protocol-gsm8k-gemma4b-high-r00-nullctl-strict-x8-v1_c01s04_formal_r4/gsm8k_google_gemma-3-4b-pt_90816/task/logs/2026-09-04T00-03-53+00-00_gsm8k_X2mr4yCxZPmTEHroUF7Cua.json
c01s04	2026-09-04T01:59:05+00:00	vllm/runs/eval_b160	success	400	400	400	296	0.74	4000	32	0.85	8e5adf58f0b5da8882b9b1e206b3c7c146a6968225887ae92ac062644bbe1bed	/home/robtang_google_com/gangda_workspace/agentic-world-model-gangda-exp-protocol-evolve/data/ptb/results/claude_vertex_high_awm_claude-opus-5_1m__10h_gangda_exp_protocol_evolve_exp-protocol-gsm8k-gemma4b-high-r00-nullctl-strict-x8-v1_c01s04_formal_r4/gsm8k_google_gemma-3-4b-pt_90816/task/logs/2026-09-04T01-59-05+00-00_gsm8k_7GeGBaiYVzTkNxmMdqYqHZ.json
c01s04	2026-09-04T02:01:30+00:00	vllm/runs/eval_b70	success	400	400	400	297	0.7425	4000	32	0.85	daa0eb98ea4268735928f899382c09ec398d54bfb8b1529566b6186067f84fac	/home/robtang_google_com/gangda_workspace/agentic-world-model-gangda-exp-protocol-evolve/data/ptb/results/claude_vertex_high_awm_claude-opus-5_1m__10h_gangda_exp_protocol_evolve_exp-protocol-gsm8k-gemma4b-high-r00-nullctl-strict-x8-v1_c01s04_formal_r4/gsm8k_google_gemma-3-4b-pt_90816/task/logs/2026-09-04T02-01-30+00-00_gsm8k_bjT6SxcoW3hGiWWUqa9FNr.json
c01s04	2026-09-04T02:03:24+00:00	vllm/runs/eval_g160	success	400	400	400	292	0.73	4000	32	0.85	fdda6fcc8a0154fede562255fa715c6ea9815720a9983fd164b4114bd4279471	/home/robtang_google_com/gangda_workspace/agentic-world-model-gangda-exp-protocol-evolve/data/ptb/results/claude_vertex_high_awm_claude-opus-5_1m__10h_gangda_exp_protocol_evolve_exp-protocol-gsm8k-gemma4b-high-r00-nullctl-strict-x8-v1_c01s04_formal_r4/gsm8k_google_gemma-3-4b-pt_90816/task/logs/2026-09-04T02-03-24+00-00_gsm8k_hquV6vbphSGcVKpL7UV4B7.json
c01s04	2026-09-04T02:24:47+00:00	vllm/runs/eval_soup1	success	400	400	400	300	0.75	4000	32	0.85	ca76a2a27c95ae59c722ddbfc7f7cba1e40d71c57b365356e5fbb7cda72b553c	/home/robtang_google_com/gangda_workspace/agentic-world-model-gangda-exp-protocol-evolve/data/ptb/results/claude_vertex_high_awm_claude-opus-5_1m__10h_gangda_exp_protocol_evolve_exp-protocol-gsm8k-gemma4b-high-r00-nullctl-strict-x8-v1_c01s04_formal_r4/gsm8k_google_gemma-3-4b-pt_90816/task/logs/2026-09-04T02-24-47+00-00_gsm8k_9H2TLMs4dKFvesDsYnjzFk.json
c01s04	2026-09-04T02:29:12+00:00	vllm/runs/eval_soup2	success	400	400	400	299	0.7475	4000	32	0.85	43f9a093869cc15adbf1a2e6e918db5135c04792fad8417db16c83b477a2fb67	/home/robtang_google_com/gangda_workspace/agentic-world-model-gangda-exp-protocol-evolve/data/ptb/results/claude_vertex_high_awm_claude-opus-5_1m__10h_gangda_exp_protocol_evolve_exp-protocol-gsm8k-gemma4b-high-r00-nullctl-strict-x8-v1_c01s04_formal_r4/gsm8k_google_gemma-3-4b-pt_90816/task/logs/2026-09-04T02-29-12+00-00_gsm8k_3Xyzp2TfAqFXhBpEMLs9Kg.json
c01s04	2026-09-04T02:31:31+00:00	vllm/runs/eval_soup3	success	400	400	400	296	0.74	4000	32	0.85	c576bad4957f8dcfbc3b408cb8c47e9908d2dbf1c1a0da60a6ab92d126cea610	/home/robtang_google_com/gangda_workspace/agentic-world-model-gangda-exp-protocol-evolve/data/ptb/results/claude_vertex_high_awm_claude-opus-5_1m__10h_gangda_exp_protocol_evolve_exp-protocol-gsm8k-gemma4b-high-r00-nullctl-strict-x8-v1_c01s04_formal_r4/gsm8k_google_gemma-3-4b-pt_90816/task/logs/2026-09-04T02-31-31+00-00_gsm8k_T8aTsmrdzHysDxV6qi3FYX.json
c01s04	2026-09-04T02:33:30+00:00	vllm/runs/eval_soup1	success	1319	1319	1319	981	0.7437452615617892	4000	32	0.85	61425f70de7c4426ca7bbdb6bfb73ed515ac3cd2e08ee709e4e0f8498152b2b1	/home/robtang_google_com/gangda_workspace/agentic-world-model-gangda-exp-protocol-evolve/data/ptb/results/claude_vertex_high_awm_claude-opus-5_1m__10h_gangda_exp_protocol_evolve_exp-protocol-gsm8k-gemma4b-high-r00-nullctl-strict-x8-v1_c01s04_formal_r4/gsm8k_google_gemma-3-4b-pt_90816/task/logs/2026-09-04T02-33-30+00-00_gsm8k_FPB6MgdXg4sjJbKuMoBVxs.json
c01s04	2026-09-04T02:36:43+00:00	vllm/runs/eval_soup2	success	1319	1319	1319	979	0.7422289613343442	4000	32	0.85	5d654e6b736b8e9bc7976866bb77ce2ce228b41fd954cadf5e03a01809bb462e	/home/robtang_google_com/gangda_workspace/agentic-world-model-gangda-exp-protocol-evolve/data/ptb/results/claude_vertex_high_awm_claude-opus-5_1m__10h_gangda_exp_protocol_evolve_exp-protocol-gsm8k-gemma4b-high-r00-nullctl-strict-x8-v1_c01s04_formal_r4/gsm8k_google_gemma-3-4b-pt_90816/task/logs/2026-09-04T02-36-43+00-00_gsm8k_Ac6NxnHBp9RtMNKn8Ei244.json
c01s04	2026-09-04T02:39:49+00:00	vllm/runs/eval_b70	success	1319	1319	1319	993	0.7528430629264594	4000	32	0.85	d2cd5077bea0bea8ed86ea9ecaaae8ad8f863b6658091a1647703469c6649279	/home/robtang_google_com/gangda_workspace/agentic-world-model-gangda-exp-protocol-evolve/data/ptb/results/claude_vertex_high_awm_claude-opus-5_1m__10h_gangda_exp_protocol_evolve_exp-protocol-gsm8k-gemma4b-high-r00-nullctl-strict-x8-v1_c01s04_formal_r4/gsm8k_google_gemma-3-4b-pt_90816/task/logs/2026-09-04T02-39-49+00-00_gsm8k_UCNV3hoFEd5zrHugdsuUE8.json
c01s04	2026-09-04T02:49:29+00:00	vllm/runs/eval_b105	success	1319	1319	1319	978	0.7414708112206216	4000	32	0.85	4251312059200d6c4cd067cfc7b82421057f5749716067d4f0b309eea0dba771	/home/robtang_google_com/gangda_workspace/agentic-world-model-gangda-exp-protocol-evolve/data/ptb/results/claude_vertex_high_awm_claude-opus-5_1m__10h_gangda_exp_protocol_evolve_exp-protocol-gsm8k-gemma4b-high-r00-nullctl-strict-x8-v1_c01s04_formal_r4/gsm8k_google_gemma-3-4b-pt_90816/task/logs/2026-09-04T02-49-29+00-00_gsm8k_BYeNFPpFuQNPrVGVKfg9Q5.json
c01s04	2026-09-04T02:52:36+00:00	vllm/runs/eval_b160	success	1319	1319	1319	986	0.7475360121304018	4000	32	0.85	e3fe1523fb999a3713b1385a246320674fbdcd1d4cfffa72105c12ae41b694b9	/home/robtang_google_com/gangda_workspace/agentic-world-model-gangda-exp-protocol-evolve/data/ptb/results/claude_vertex_high_awm_claude-opus-5_1m__10h_gangda_exp_protocol_evolve_exp-protocol-gsm8k-gemma4b-high-r00-nullctl-strict-x8-v1_c01s04_formal_r4/gsm8k_google_gemma-3-4b-pt_90816/task/logs/2026-09-04T02-52-36+00-00_gsm8k_k9intyp4y52ZMmeG7VrH9F.json
c01s04	2026-09-04T02:59:45+00:00	vllm/runs/eval_b70_rp	success	1319	1319	1319	978	0.7414708112206216	4000	32	0.85	314bd4755ac76acf223c9d26451f36783820afc2b9dae13d35e07aebfe109e50	/home/robtang_google_com/gangda_workspace/agentic-world-model-gangda-exp-protocol-evolve/data/ptb/results/claude_vertex_high_awm_claude-opus-5_1m__10h_gangda_exp_protocol_evolve_exp-protocol-gsm8k-gemma4b-high-r00-nullctl-strict-x8-v1_c01s04_formal_r4/gsm8k_google_gemma-3-4b-pt_90816/task/logs/2026-09-04T02-59-45+00-00_gsm8k_nRmE6zjVeJDj4qzsNCGk4f.json
c01s04	2026-09-04T03:04:23+00:00	vllm/final_model	success	150	150	150	107	0.7133333333333334	4000	2	0.3	7fb2931ebc9d353ddfed3620e9ea232bd0957b6afb5a6673dec4590bc46e1c03	/home/robtang_google_com/gangda_workspace/agentic-world-model-gangda-exp-protocol-evolve/data/ptb/results/claude_vertex_high_awm_claude-opus-5_1m__10h_gangda_exp_protocol_evolve_exp-protocol-gsm8k-gemma4b-high-r00-nullctl-strict-x8-v1_c01s04_formal_r4/gsm8k_google_gemma-3-4b-pt_90816/task/logs/2026-09-04T03-04-23+00-00_gsm8k_bgnktwrraB9GPjLxhSQ4hb.json
c01s07	2026-09-03T18:43:42+00:00	vllm//home/ben/hf_cache/hub/models--google--gemma-3-4b-pt/snapshots/cc012e0a6d0787b4adcc0fa2c4da74402494554d	success	150	150	150	3	0.02	1024	32	0.35	bd6728e539a9db33a201d4fd89e4e5a7149f3b977548b3c2fb26a71ef29089e1	/home/robtang_google_com/gangda_workspace/agentic-world-model-gangda-exp-protocol-evolve/data/ptb/results/claude_vertex_high_awm_claude-opus-5_1m__10h_gangda_exp_protocol_evolve_exp-protocol-gsm8k-gemma4b-high-r00-nullctl-strict-x8-v1_c01s07_formal_r4/gsm8k_google_gemma-3-4b-pt_90819/task/logs/2026-09-03T18-43-42+00-00_gsm8k_id4UnftUQxeGDE9PN244mz.json
c01s07	2026-09-03T20:17:01+00:00	vllm/ckpt/sft_v1	success	200	200	200	120	0.6	1024	32	0.35	f3a57e8de25a3eaa44ee784102e0fed50301a8702b3be9560c0775ffa197ce6a	/home/robtang_google_com/gangda_workspace/agentic-world-model-gangda-exp-protocol-evolve/data/ptb/results/claude_vertex_high_awm_claude-opus-5_1m__10h_gangda_exp_protocol_evolve_exp-protocol-gsm8k-gemma4b-high-r00-nullctl-strict-x8-v1_c01s07_formal_r4/gsm8k_google_gemma-3-4b-pt_90819/task/logs/2026-09-03T20-17-01+00-00_gsm8k_CC7PMAVvb44nNZSyupaaLW.json
c01s07	2026-09-03T20:18:30+00:00	vllm/ckpt/sft_v1	success	200	200	200	138	0.69	1024	32	0.35	a4f111c66af2d9f348c644e3276c7a2544224467ac34f1756447711f9616843d	/home/robtang_google_com/gangda_workspace/agentic-world-model-gangda-exp-protocol-evolve/data/ptb/results/claude_vertex_high_awm_claude-opus-5_1m__10h_gangda_exp_protocol_evolve_exp-protocol-gsm8k-gemma4b-high-r00-nullctl-strict-x8-v1_c01s07_formal_r4/gsm8k_google_gemma-3-4b-pt_90819/task/logs/2026-09-03T20-18-30+00-00_gsm8k_6TDyb2jaURAtd4TfhnP6U7.json
c01s07	2026-09-03T22:34:18+00:00	vllm/ckpt/m_400	success	200	200	200	144	0.72	1024	32	0.35	d9ab5b682aa76116a89eac403b8298012bd8223650ddb6121cb5e09d8911ff8a	/home/robtang_google_com/gangda_workspace/agentic-world-model-gangda-exp-protocol-evolve/data/ptb/results/claude_vertex_high_awm_claude-opus-5_1m__10h_gangda_exp_protocol_evolve_exp-protocol-gsm8k-gemma4b-high-r00-nullctl-strict-x8-v1_c01s07_formal_r4/gsm8k_google_gemma-3-4b-pt_90819/task/logs/2026-09-03T22-34-18+00-00_gsm8k_eAXCMQ2SEtgPySPsw6eB6K.json
c01s07	2026-09-03T22:36:56+00:00	vllm/ckpt/m_200	success	200	200	200	140	0.7	1024	32	0.35	21ec86458f663ce93b7b55d5399c934ef795a88233cbb7b5a7734a258b80c03b	/home/robtang_google_com/gangda_workspace/agentic-world-model-gangda-exp-protocol-evolve/data/ptb/results/claude_vertex_high_awm_claude-opus-5_1m__10h_gangda_exp_protocol_evolve_exp-protocol-gsm8k-gemma4b-high-r00-nullctl-strict-x8-v1_c01s07_formal_r4/gsm8k_google_gemma-3-4b-pt_90819/task/logs/2026-09-03T22-36-56+00-00_gsm8k_UyivTZ83UdSEYmZgcTRRJk.json
c01s07	2026-09-03T22:39:28+00:00	vllm/ckpt/m_300	success	200	200	200	139	0.695	1024	32	0.35	569cae2cd1381e15f04e45eff5d0e5ebff51ecd1a57cbfb2136f4f0d40235a94	/home/robtang_google_com/gangda_workspace/agentic-world-model-gangda-exp-protocol-evolve/data/ptb/results/claude_vertex_high_awm_claude-opus-5_1m__10h_gangda_exp_protocol_evolve_exp-protocol-gsm8k-gemma4b-high-r00-nullctl-strict-x8-v1_c01s07_formal_r4/gsm8k_google_gemma-3-4b-pt_90819/task/logs/2026-09-03T22-39-28+00-00_gsm8k_Tgzp2wbCyRv46BYeqpgm73.json
c01s07	2026-09-04T00:26:29+00:00	vllm/ckpt/rft_v1	success	200	200	200	149	0.745	1024	32	0.35	8e740ede86152411267cb3701685368f1dc848a8c26b1a209b5a827c3265fc56	/home/robtang_google_com/gangda_workspace/agentic-world-model-gangda-exp-protocol-evolve/data/ptb/results/claude_vertex_high_awm_claude-opus-5_1m__10h_gangda_exp_protocol_evolve_exp-protocol-gsm8k-gemma4b-high-r00-nullctl-strict-x8-v1_c01s07_formal_r4/gsm8k_google_gemma-3-4b-pt_90819/task/logs/2026-09-04T00-26-29+00-00_gsm8k_isgW9Qh4fzQwKgiEetNCu7.json
c01s07	2026-09-04T01:38:10+00:00	vllm/ckpt/g2_200	success	200	200	200	150	0.75	1024	32	0.35	5f1b6b08848c7e3f244a7b10ca819a6cb6961cf8630d34d952e5c7956024797e	/home/robtang_google_com/gangda_workspace/agentic-world-model-gangda-exp-protocol-evolve/data/ptb/results/claude_vertex_high_awm_claude-opus-5_1m__10h_gangda_exp_protocol_evolve_exp-protocol-gsm8k-gemma4b-high-r00-nullctl-strict-x8-v1_c01s07_formal_r4/gsm8k_google_gemma-3-4b-pt_90819/task/logs/2026-09-04T01-38-10+00-00_gsm8k_LxH63USKVHTLLsYNnXcwBK.json
c01s07	2026-09-04T01:40:32+00:00	vllm/ckpt/g2_100	success	200	200	200	140	0.7	1024	32	0.35	de152cc1c0b84c6a85916d5e3b293f996390ef39a83e32e89f6c114692936fc8	/home/robtang_google_com/gangda_workspace/agentic-world-model-gangda-exp-protocol-evolve/data/ptb/results/claude_vertex_high_awm_claude-opus-5_1m__10h_gangda_exp_protocol_evolve_exp-protocol-gsm8k-gemma4b-high-r00-nullctl-strict-x8-v1_c01s07_formal_r4/gsm8k_google_gemma-3-4b-pt_90819/task/logs/2026-09-04T01-40-32+00-00_gsm8k_QcxJfJSbRursqgXjdnd2rX.json
c01s07	2026-09-04T01:41:59+00:00	vllm/ckpt/g2_200	success	500	500	500	372	0.744	1024	48	0.4	13ece45db71c083f94554319013f4798539f36bb364f8002ba965927caaa751c	/home/robtang_google_com/gangda_workspace/agentic-world-model-gangda-exp-protocol-evolve/data/ptb/results/claude_vertex_high_awm_claude-opus-5_1m__10h_gangda_exp_protocol_evolve_exp-protocol-gsm8k-gemma4b-high-r00-nullctl-strict-x8-v1_c01s07_formal_r4/gsm8k_google_gemma-3-4b-pt_90819/task/logs/2026-09-04T01-41-59+00-00_gsm8k_MVKpsws3LtzJYJ6RkqhyrZ.json
c01s07	2026-09-04T01:43:23+00:00	vllm/ckpt/rft_v1	success	500	500	500	366	0.732	1024	48	0.4	0b96275d5045ba40e38f24f119c8c85cf2725905047377e2c16359576ca7a5bd	/home/robtang_google_com/gangda_workspace/agentic-world-model-gangda-exp-protocol-evolve/data/ptb/results/claude_vertex_high_awm_claude-opus-5_1m__10h_gangda_exp_protocol_evolve_exp-protocol-gsm8k-gemma4b-high-r00-nullctl-strict-x8-v1_c01s07_formal_r4/gsm8k_google_gemma-3-4b-pt_90819/task/logs/2026-09-04T01-43-23+00-00_gsm8k_dYFzpyK7VR8zLNVrCkkbQm.json
c01s07	2026-09-04T01:46:15+00:00	vllm/final_model	success	150	150	150	110	0.7333333333333333	4000	2	0.3	c675d531fc6a5ba73c0ec1c450e184d8bc6130999a6ad3c15e510b5fa471670c	/home/robtang_google_com/gangda_workspace/agentic-world-model-gangda-exp-protocol-evolve/data/ptb/results/claude_vertex_high_awm_claude-opus-5_1m__10h_gangda_exp_protocol_evolve_exp-protocol-gsm8k-gemma4b-high-r00-nullctl-strict-x8-v1_c01s07_formal_r4/gsm8k_google_gemma-3-4b-pt_90819/task/logs/2026-09-04T01-46-15+00-00_gsm8k_HtAbhmTioyDzpHAZQUUoPk.json
c01s07	2026-09-04T02:43:26+00:00	vllm/ckpt/g3_150	success	500	500	500	358	0.716	1024	48	0.4	7e7800c42457603e6860d6c0ad4b59aa085de204ce4fbaabde28d0103c93cc6c	/home/robtang_google_com/gangda_workspace/agentic-world-model-gangda-exp-protocol-evolve/data/ptb/results/claude_vertex_high_awm_claude-opus-5_1m__10h_gangda_exp_protocol_evolve_exp-protocol-gsm8k-gemma4b-high-r00-nullctl-strict-x8-v1_c01s07_formal_r4/gsm8k_google_gemma-3-4b-pt_90819/task/logs/2026-09-04T02-43-26+00-00_gsm8k_FJecToYrnfR3NCbAMy2Qfm.json
c01s07	2026-09-04T02:46:05+00:00	vllm/ckpt/g3_100	success	500	500	500	358	0.716	1024	48	0.4	ba4f23d36a5b00392ce316f834388787bfb1da89cdc99f547cbd4f42f352172f	/home/robtang_google_com/gangda_workspace/agentic-world-model-gangda-exp-protocol-evolve/data/ptb/results/claude_vertex_high_awm_claude-opus-5_1m__10h_gangda_exp_protocol_evolve_exp-protocol-gsm8k-gemma4b-high-r00-nullctl-strict-x8-v1_c01s07_formal_r4/gsm8k_google_gemma-3-4b-pt_90819/task/logs/2026-09-04T02-46-05+00-00_gsm8k_FAM2qPLzeAadH2JvEzgiAA.json
c01s07	2026-09-04T02:47:46+00:00	vllm/final_model	success	1000	1000	1000	723	0.723	2048	48	0.4	39b7e3a75a56773251dff47642edfa4dfd1e38dc458b8b55aa6f71c8dae6a21c	/home/robtang_google_com/gangda_workspace/agentic-world-model-gangda-exp-protocol-evolve/data/ptb/results/claude_vertex_high_awm_claude-opus-5_1m__10h_gangda_exp_protocol_evolve_exp-protocol-gsm8k-gemma4b-high-r00-nullctl-strict-x8-v1_c01s07_formal_r4/gsm8k_google_gemma-3-4b-pt_90819/task/logs/2026-09-04T02-47-46+00-00_gsm8k_b82nQzscgpzgBe3foew2XE.json
