comparison	n	both_correct	a_only	b_only	both_incorrect	net_a_minus_b	exact_two_sided_p	input_target_prompt_mismatches
c01s04_eval_b70_vs_eval_b160	1319	935	58	51	275	7	0.5657001139736338	{}
c01s04_eval_b70_vs_eval_b105	1319	934	59	44	282	15	0.1674443344120587	{}
c01s04_eval_b70_vs_eval_soup1	1319	936	57	45	281	12	0.276013892492502	{}
c01s04_eval_b70_vs_eval_b70_rp	1319	909	84	69	257	15	0.2576337765467217	{}
c01s04_eval_b105_vs_eval_b70_rp	1319	897	81	81	260	0	1.0	{}
c01s07_g2_200_vs_rft_v1	500	322	50	44	84	6	0.606295937693966	{}
c01s07_g2_200_vs_g3_150	500	315	57	43	85	14	0.19334790449564246	{}
c01s07_g3_150_vs_g3_100	500	317	41	41	101	0	1.0	{}
c01s07_g2_200_vs_final1000_shared500	500	356	16	6	122	10	0.052478790283203125	{}
